지점,지점명,일시,기온(°C),습도(%)
90,속초,2019-12-31 01:00,-3.3,32
90,속초,2019-12-31 02:00,-4.8,33
90,속초,2019-12-31 03:00,-4.5,28
90,속초,2019-12-31 04:00,-5.2,29
90,속초,2019-12-31 05:00,-5.6,29
90,속초,2019-12-31 06:00,-5.4,25
90,속초,2019-12-31 07:00,-5.3,23
90,속초,2019-12-31 08:00,-6.4,28
90,속초,2019-12-31 09:00,-5.6,27
90,속초,2019-12-31 10:00,-3.8,21
90,속초,2019-12-31 11:00,-2.7,19
90,속초,2019-12-31 12:00,-1.7,16
90,속초,2019-12-31 13:00,-.3,14
90,속초,2019-12-31 14:00,-.1,15
90,속초,2019-12-31 15:00,.2,17
90,속초,2019-12-31 16:00,-.3,16
90,속초,2019-12-31 17:00,-1.7,19
90,속초,2019-12-31 18:00,-2.2,18
90,속초,2019-12-31 19:00,-2.7,17
90,속초,2019-12-31 20:00,-3,17
90,속초,2019-12-31 21:00,-2.6,14
90,속초,2019-12-31 22:00,-3.1,16
90,속초,2019-12-31 23:00,-3.7,17
90,속초,2020-01-01 00:00,-2.6,30
93,북춘천,2019-12-31 01:00,-6,41
93,북춘천,2019-12-31 02:00,-7,43
93,북춘천,2019-12-31 03:00,-7.7,50
93,북춘천,2019-12-31 04:00,-8.6,50
93,북춘천,2019-12-31 05:00,-9,52
93,북춘천,2019-12-31 06:00,-9.5,48
93,북춘천,2019-12-31 07:00,-10.3,53
93,북춘천,2019-12-31 08:00,-10.5,50
93,북춘천,2019-12-31 09:00,-10.2,46
93,북춘천,2019-12-31 10:00,-9.4,42
93,북춘천,2019-12-31 11:00,-7.7,39
93,북춘천,2019-12-31 12:00,-7.5,40
93,북춘천,2019-12-31 13:00,-6.4,36
93,북춘천,2019-12-31 14:00,-5,34
93,북춘천,2019-12-31 15:00,-4.3,28
93,북춘천,2019-12-31 16:00,-3.6,26
93,북춘천,2019-12-31 17:00,-4.3,26
93,북춘천,2019-12-31 18:00,-6.1,33
93,북춘천,2019-12-31 19:00,-7.7,45
93,북춘천,2019-12-31 20:00,-7.9,44
93,북춘천,2019-12-31 21:00,-9.4,52
93,북춘천,2019-12-31 22:00,-10.1,57
93,북춘천,2019-12-31 23:00,-10,53
93,북춘천,2020-01-01 00:00,-9.5,53
95,철원,2019-12-31 01:00,-7.9,59
95,철원,2019-12-31 02:00,-8.9,63
95,철원,2019-12-31 03:00,-9.9,60
95,철원,2019-12-31 04:00,-10.5,61
95,철원,2019-12-31 05:00,-11.1,58
95,철원,2019-12-31 06:00,-11.7,59
95,철원,2019-12-31 07:00,-12,57
95,철원,2019-12-31 08:00,-12.3,57
95,철원,2019-12-31 09:00,-11.7,54
95,철원,2019-12-31 10:00,-10.4,52
95,철원,2019-12-31 11:00,-9.8,48
95,철원,2019-12-31 12:00,-8.3,49
95,철원,2019-12-31 13:00,-7,46
95,철원,2019-12-31 14:00,-6.2,39
95,철원,2019-12-31 15:00,-5.6,35
95,철원,2019-12-31 16:00,-5.8,35
95,철원,2019-12-31 17:00,-6.8,36
95,철원,2019-12-31 18:00,-7.6,39
95,철원,2019-12-31 19:00,-8,43
95,철원,2019-12-31 20:00,-8.9,52
95,철원,2019-12-31 21:00,-9.7,55
95,철원,2019-12-31 22:00,-10.9,69
95,철원,2019-12-31 23:00,-10.1,75
95,철원,2020-01-01 00:00,-8.9,64
98,동두천,2019-12-31 01:00,-8.4,64
98,동두천,2019-12-31 02:00,-8.5,69
98,동두천,2019-12-31 03:00,-9.7,62
98,동두천,2019-12-31 04:00,-10.5,60
98,동두천,2019-12-31 05:00,-11,60
98,동두천,2019-12-31 06:00,-11.5,61
98,동두천,2019-12-31 07:00,-11.9,63
98,동두천,2019-12-31 08:00,-12,56
98,동두천,2019-12-31 09:00,-11,53
98,동두천,2019-12-31 10:00,-10.1,47
98,동두천,2019-12-31 11:00,-8.7,47
98,동두천,2019-12-31 12:00,-7.5,44
98,동두천,2019-12-31 13:00,-5.9,40
98,동두천,2019-12-31 14:00,-4.4,34
98,동두천,2019-12-31 15:00,-4.6,32
98,동두천,2019-12-31 16:00,-4.6,31
98,동두천,2019-12-31 17:00,-6,33
98,동두천,2019-12-31 18:00,-7.1,42
98,동두천,2019-12-31 19:00,-8,47
98,동두천,2019-12-31 20:00,-8.2,47
98,동두천,2019-12-31 21:00,-8.3,49
98,동두천,2019-12-31 22:00,-9.2,53
98,동두천,2019-12-31 23:00,-8.6,57
98,동두천,2020-01-01 00:00,-8,58
99,파주,2019-12-31 01:00,-8,59
99,파주,2019-12-31 02:00,-8.7,62
99,파주,2019-12-31 03:00,-9.4,60
99,파주,2019-12-31 04:00,-9.9,56
99,파주,2019-12-31 05:00,-10.4,56
99,파주,2019-12-31 06:00,-10.7,55
99,파주,2019-12-31 07:00,-11.2,54
99,파주,2019-12-31 08:00,-11.4,49
99,파주,2019-12-31 09:00,-10.5,46
99,파주,2019-12-31 10:00,-9.9,43
99,파주,2019-12-31 11:00,-8.5,44
99,파주,2019-12-31 12:00,-7.8,40
99,파주,2019-12-31 13:00,-6.6,39
99,파주,2019-12-31 14:00,-5.3,35
99,파주,2019-12-31 15:00,-5.2,34
99,파주,2019-12-31 16:00,-5.4,34
99,파주,2019-12-31 17:00,-5.9,36
99,파주,2019-12-31 18:00,-6.7,46
99,파주,2019-12-31 19:00,-7.9,52
99,파주,2019-12-31 20:00,-7.8,49
99,파주,2019-12-31 21:00,-9.4,55
99,파주,2019-12-31 22:00,-9.4,67
99,파주,2019-12-31 23:00,-8,57
99,파주,2020-01-01 00:00,-7.4,53
100,대관령,2019-12-31 01:00,-8,73
100,대관령,2019-12-31 02:00,-9.9,84
100,대관령,2019-12-31 03:00,-11,65
100,대관령,2019-12-31 04:00,-11.9,61
100,대관령,2019-12-31 05:00,-12.5,61
100,대관령,2019-12-31 06:00,-13.5,67
100,대관령,2019-12-31 07:00,-14.1,69
100,대관령,2019-12-31 08:00,-14.4,69
100,대관령,2019-12-31 09:00,-13.4,64
100,대관령,2019-12-31 10:00,-11.9,59
100,대관령,2019-12-31 11:00,-11,55
100,대관령,2019-12-31 12:00,-9.6,50
100,대관령,2019-12-31 13:00,-8,45
100,대관령,2019-12-31 14:00,-7,41
100,대관령,2019-12-31 15:00,-7.7,41
100,대관령,2019-12-31 16:00,-8.1,41
100,대관령,2019-12-31 17:00,-9.4,45
100,대관령,2019-12-31 18:00,-10.4,46
100,대관령,2019-12-31 19:00,-11.2,50
100,대관령,2019-12-31 20:00,-11.4,46
100,대관령,2019-12-31 21:00,-11.7,44
100,대관령,2019-12-31 22:00,-12.1,44
100,대관령,2019-12-31 23:00,-12.2,42
100,대관령,2020-01-01 00:00,-11.5,48
101,춘천,2019-12-31 01:00,-5.1,45
101,춘천,2019-12-31 02:00,-6.1,46
101,춘천,2019-12-31 03:00,-6.9,51
101,춘천,2019-12-31 04:00,-7.7,51
101,춘천,2019-12-31 05:00,-8.3,54
101,춘천,2019-12-31 06:00,-8.9,56
101,춘천,2019-12-31 07:00,-9.4,55
101,춘천,2019-12-31 08:00,-9.9,53
101,춘천,2019-12-31 09:00,-9.8,47
101,춘천,2019-12-31 10:00,-8.8,44
101,춘천,2019-12-31 11:00,-7.9,44
101,춘천,2019-12-31 12:00,-6.2,42
101,춘천,2019-12-31 13:00,-4.9,37
101,춘천,2019-12-31 14:00,-3.9,32
101,춘천,2019-12-31 15:00,-3,29
101,춘천,2019-12-31 16:00,-2.8,27
101,춘천,2019-12-31 17:00,-3.8,27
101,춘천,2019-12-31 18:00,-4.7,28
101,춘천,2019-12-31 19:00,-5.4,30
101,춘천,2019-12-31 20:00,-6,37
101,춘천,2019-12-31 21:00,-6.6,35
101,춘천,2019-12-31 22:00,-6.9,37
101,춘천,2019-12-31 23:00,-8,60
101,춘천,2020-01-01 00:00,-9.1,66
102,백령도,2019-12-31 01:00,-5.8,72
102,백령도,2019-12-31 02:00,-6,69
102,백령도,2019-12-31 03:00,-5.9,70
102,백령도,2019-12-31 04:00,-5.8,69
102,백령도,2019-12-31 05:00,-6.1,64
102,백령도,2019-12-31 06:00,-5.7,68
102,백령도,2019-12-31 07:00,-5.8,71
102,백령도,2019-12-31 08:00,-5.9,69
102,백령도,2019-12-31 09:00,-5.8,68
102,백령도,2019-12-31 10:00,-5.6,71
102,백령도,2019-12-31 11:00,-4.9,69
102,백령도,2019-12-31 12:00,-4.6,72
102,백령도,2019-12-31 13:00,-4,66
102,백령도,2019-12-31 14:00,-4,68
102,백령도,2019-12-31 15:00,-3.6,66
102,백령도,2019-12-31 16:00,-3.1,64
102,백령도,2019-12-31 17:00,-2.4,60
102,백령도,2019-12-31 18:00,-1.7,57
102,백령도,2019-12-31 19:00,-1,66
102,백령도,2019-12-31 20:00,-1.1,80
102,백령도,2019-12-31 21:00,.7,70
102,백령도,2019-12-31 22:00,1.5,64
102,백령도,2019-12-31 23:00,1.7,63
102,백령도,2020-01-01 00:00,1.5,60
104,북강릉,2019-12-31 01:00,.3,28
104,북강릉,2019-12-31 02:00,-1.8,33
104,북강릉,2019-12-31 03:00,-2.7,23
104,북강릉,2019-12-31 04:00,-2.6,19
104,북강릉,2019-12-31 05:00,-3.4,21
104,북강릉,2019-12-31 06:00,-3.7,21
104,북강릉,2019-12-31 07:00,-3.6,20
104,북강릉,2019-12-31 08:00,-5.9,34
104,북강릉,2019-12-31 09:00,-3.2,19
104,북강릉,2019-12-31 10:00,-2.8,18
104,북강릉,2019-12-31 11:00,-2,16
104,북강릉,2019-12-31 12:00,-1,19
104,북강릉,2019-12-31 13:00,-.9,19
104,북강릉,2019-12-31 14:00,.5,22
104,북강릉,2019-12-31 15:00,.8,16
104,북강릉,2019-12-31 16:00,.3,21
104,북강릉,2019-12-31 17:00,-1.6,25
104,북강릉,2019-12-31 18:00,-2.4,25
104,북강릉,2019-12-31 19:00,-3,25
104,북강릉,2019-12-31 20:00,-3.5,26
104,북강릉,2019-12-31 21:00,-3.7,23
104,북강릉,2019-12-31 22:00,-3.8,21
104,북강릉,2019-12-31 23:00,-3.9,20
104,북강릉,2020-01-01 00:00,-4.2,20
105,강릉,2019-12-31 01:00,.2,41
105,강릉,2019-12-31 02:00,-1.4,44
105,강릉,2019-12-31 03:00,-2.9,35
105,강릉,2019-12-31 04:00,-3.6,34
105,강릉,2019-12-31 05:00,-4,34
105,강릉,2019-12-31 06:00,-4.7,35
105,강릉,2019-12-31 07:00,-5.4,37
105,강릉,2019-12-31 08:00,-5.2,36
105,강릉,2019-12-31 09:00,-4.5,35
105,강릉,2019-12-31 10:00,-2.5,30
105,강릉,2019-12-31 11:00,-1.6,28
105,강릉,2019-12-31 12:00,-.2,24
105,강릉,2019-12-31 13:00,.7,23
105,강릉,2019-12-31 14:00,1.7,26
105,강릉,2019-12-31 15:00,.8,26
105,강릉,2019-12-31 16:00,.4,27
105,강릉,2019-12-31 17:00,-.9,27
105,강릉,2019-12-31 18:00,-1.9,29
105,강릉,2019-12-31 19:00,-2.4,29
105,강릉,2019-12-31 20:00,-2.6,27
105,강릉,2019-12-31 21:00,-3,26
105,강릉,2019-12-31 22:00,-2.9,24
105,강릉,2019-12-31 23:00,-3.3,24
105,강릉,2020-01-01 00:00,-3,24
106,동해,2019-12-31 01:00,1.4,32
106,동해,2019-12-31 02:00,-.3,36
106,동해,2019-12-31 03:00,-2.1,39
106,동해,2019-12-31 04:00,-2.3,32
106,동해,2019-12-31 05:00,-2.5,26
106,동해,2019-12-31 06:00,-3.2,25
106,동해,2019-12-31 07:00,-3.3,24
106,동해,2019-12-31 08:00,-3.4,24
106,동해,2019-12-31 09:00,-2.9,22
106,동해,2019-12-31 10:00,-2.2,22
106,동해,2019-12-31 11:00,-2,20
106,동해,2019-12-31 12:00,-1.2,20
106,동해,2019-12-31 13:00,.1,19
106,동해,2019-12-31 14:00,.7,18
106,동해,2019-12-31 15:00,1.7,21
106,동해,2019-12-31 16:00,.5,21
106,동해,2019-12-31 17:00,-.3,21
106,동해,2019-12-31 18:00,-1.4,29
106,동해,2019-12-31 19:00,-2.2,32
106,동해,2019-12-31 20:00,-2.6,31
106,동해,2019-12-31 21:00,-2.7,29
106,동해,2019-12-31 22:00,-1.7,19
106,동해,2019-12-31 23:00,-2.4,19
106,동해,2020-01-01 00:00,-2.3,18
108,서울,2019-12-31 01:00,-6.7,56
108,서울,2019-12-31 02:00,-7.7,54
108,서울,2019-12-31 03:00,-8.5,53
108,서울,2019-12-31 04:00,-9.2,53
108,서울,2019-12-31 05:00,-9.5,50
108,서울,2019-12-31 06:00,-10,47
108,서울,2019-12-31 07:00,-10.6,47
108,서울,2019-12-31 08:00,-10.8,42
108,서울,2019-12-31 09:00,-10.7,37
108,서울,2019-12-31 10:00,-9.6,36
108,서울,2019-12-31 11:00,-8.8,34
108,서울,2019-12-31 12:00,-8,32
108,서울,2019-12-31 13:00,-6.8,31
108,서울,2019-12-31 14:00,-6.1,30
108,서울,2019-12-31 15:00,-5.4,30
108,서울,2019-12-31 16:00,-4.9,27
108,서울,2019-12-31 17:00,-5.6,32
108,서울,2019-12-31 18:00,-6.7,34
108,서울,2019-12-31 19:00,-6.9,38
108,서울,2019-12-31 20:00,-7,41
108,서울,2019-12-31 21:00,-7.4,43
108,서울,2019-12-31 22:00,-8.2,42
108,서울,2019-12-31 23:00,-7.4,45
108,서울,2020-01-01 00:00,-6.5,38
112,인천,2019-12-31 01:00,-6.2,58
112,인천,2019-12-31 02:00,-7.1,57
112,인천,2019-12-31 03:00,-8.3,56
112,인천,2019-12-31 04:00,-8.7,59
112,인천,2019-12-31 05:00,-9,56
112,인천,2019-12-31 06:00,-9.2,51
112,인천,2019-12-31 07:00,-9.6,49
112,인천,2019-12-31 08:00,-9.9,51
112,인천,2019-12-31 09:00,-9.6,51
112,인천,2019-12-31 10:00,-8.8,47
112,인천,2019-12-31 11:00,-8.5,45
112,인천,2019-12-31 12:00,-7.7,44
112,인천,2019-12-31 13:00,-6.9,41
112,인천,2019-12-31 14:00,-6.2,38
112,인천,2019-12-31 15:00,-5.7,39
112,인천,2019-12-31 16:00,-5.6,41
112,인천,2019-12-31 17:00,-5.8,40
112,인천,2019-12-31 18:00,-6.1,46
112,인천,2019-12-31 19:00,-6,45
112,인천,2019-12-31 20:00,-5.8,50
112,인천,2019-12-31 21:00,-6.3,55
112,인천,2019-12-31 22:00,-6.6,53
112,인천,2019-12-31 23:00,-6,54
112,인천,2020-01-01 00:00,-5.4,50
114,원주,2019-12-31 01:00,-3.4,52
114,원주,2019-12-31 02:00,-4.4,50
114,원주,2019-12-31 03:00,-5.2,47
114,원주,2019-12-31 04:00,-6.2,47
114,원주,2019-12-31 05:00,-7,49
114,원주,2019-12-31 06:00,-7.6,52
114,원주,2019-12-31 07:00,-8.2,52
114,원주,2019-12-31 08:00,-8.5,53
114,원주,2019-12-31 09:00,-7.9,44
114,원주,2019-12-31 10:00,-7.7,41
114,원주,2019-12-31 11:00,-6.8,39
114,원주,2019-12-31 12:00,-6.1,36
114,원주,2019-12-31 13:00,-5.4,33
114,원주,2019-12-31 14:00,-4.5,32
114,원주,2019-12-31 15:00,-4,30
114,원주,2019-12-31 16:00,-3.9,30
114,원주,2019-12-31 17:00,-4.1,30
114,원주,2019-12-31 18:00,-4.5,32
114,원주,2019-12-31 19:00,-4.9,34
114,원주,2019-12-31 20:00,-5.4,35
114,원주,2019-12-31 21:00,-5.9,36
114,원주,2019-12-31 22:00,-6.4,44
114,원주,2019-12-31 23:00,-7,53
114,원주,2020-01-01 00:00,-6.9,50
115,울릉도,2019-12-31 01:00,6.4,50
115,울릉도,2019-12-31 02:00,5.3,47
115,울릉도,2019-12-31 03:00,3.1,42
115,울릉도,2019-12-31 04:00,1.1,54
115,울릉도,2019-12-31 05:00,-.6,52
115,울릉도,2019-12-31 06:00,-1.2,56
115,울릉도,2019-12-31 07:00,-1.1,63
115,울릉도,2019-12-31 08:00,-1.5,90
115,울릉도,2019-12-31 09:00,-1.1,60
115,울릉도,2019-12-31 10:00,-.7,65
115,울릉도,2019-12-31 11:00,-.7,83
115,울릉도,2019-12-31 12:00,-1.1,90
115,울릉도,2019-12-31 13:00,-.7,91
115,울릉도,2019-12-31 14:00,-.3,91
115,울릉도,2019-12-31 15:00,0,71
115,울릉도,2019-12-31 16:00,-.5,80
115,울릉도,2019-12-31 17:00,-.8,85
115,울릉도,2019-12-31 18:00,-.8,69
115,울릉도,2019-12-31 19:00,-.7,71
115,울릉도,2019-12-31 20:00,-.6,63
115,울릉도,2019-12-31 21:00,-.5,64
115,울릉도,2019-12-31 22:00,-1.1,58
115,울릉도,2019-12-31 23:00,-.9,66
115,울릉도,2020-01-01 00:00,-.4,65
119,수원,2019-12-31 01:00,-5.5,70
119,수원,2019-12-31 02:00,-6.2,70
119,수원,2019-12-31 03:00,-6.9,70
119,수원,2019-12-31 04:00,-8.1,69
119,수원,2019-12-31 05:00,-8.7,71
119,수원,2019-12-31 06:00,-9,72
119,수원,2019-12-31 07:00,-9.3,68
119,수원,2019-12-31 08:00,-9.6,61
119,수원,2019-12-31 09:00,-9.2,57
119,수원,2019-12-31 10:00,-8.5,55
119,수원,2019-12-31 11:00,-7.7,51
119,수원,2019-12-31 12:00,-6.5,51
119,수원,2019-12-31 13:00,-5.5,50
119,수원,2019-12-31 14:00,-4.8,46
119,수원,2019-12-31 15:00,-4.4,41
119,수원,2019-12-31 16:00,-4.4,40
119,수원,2019-12-31 17:00,-4.6,45
119,수원,2019-12-31 18:00,-6.2,66
119,수원,2019-12-31 19:00,-7.1,70
119,수원,2019-12-31 20:00,-7,65
119,수원,2019-12-31 21:00,-6.7,60
119,수원,2019-12-31 22:00,-7.2,64
119,수원,2019-12-31 23:00,-7.4,69
119,수원,2020-01-01 00:00,-6,64
121,영월,2019-12-31 01:00,-3,54
121,영월,2019-12-31 02:00,-4.1,54
121,영월,2019-12-31 03:00,-4.9,57
121,영월,2019-12-31 04:00,-5.3,54
121,영월,2019-12-31 05:00,-6.1,50
121,영월,2019-12-31 06:00,-6.9,51
121,영월,2019-12-31 07:00,-7.4,53
121,영월,2019-12-31 08:00,-8,56
121,영월,2019-12-31 09:00,-7.8,57
121,영월,2019-12-31 10:00,-7.2,54
121,영월,2019-12-31 11:00,-6.6,50
121,영월,2019-12-31 12:00,-5.8,45
121,영월,2019-12-31 13:00,-4.6,42
121,영월,2019-12-31 14:00,-4.2,42
121,영월,2019-12-31 15:00,-4,40
121,영월,2019-12-31 16:00,-3.9,38
121,영월,2019-12-31 17:00,-4.3,39
121,영월,2019-12-31 18:00,-4.6,38
121,영월,2019-12-31 19:00,-5.3,40
121,영월,2019-12-31 20:00,-6.2,46
121,영월,2019-12-31 21:00,-7.3,56
121,영월,2019-12-31 22:00,-7.6,55
121,영월,2019-12-31 23:00,-8.7,63
121,영월,2020-01-01 00:00,-9.1,65
127,충주,2019-12-31 01:00,-3.3,65
127,충주,2019-12-31 02:00,-4.4,67
127,충주,2019-12-31 03:00,-5.7,57
127,충주,2019-12-31 04:00,-6.5,63
127,충주,2019-12-31 05:00,-7,59
127,충주,2019-12-31 06:00,-7.6,62
127,충주,2019-12-31 07:00,-8.4,57
127,충주,2019-12-31 08:00,-8.9,56
127,충주,2019-12-31 09:00,-9,58
127,충주,2019-12-31 10:00,-7.9,51
127,충주,2019-12-31 11:00,-7,48
127,충주,2019-12-31 12:00,-6.6,44
127,충주,2019-12-31 13:00,-5.5,42
127,충주,2019-12-31 14:00,-4.4,38
127,충주,2019-12-31 15:00,-4.2,35
127,충주,2019-12-31 16:00,-3.8,37
127,충주,2019-12-31 17:00,-4.4,37
127,충주,2019-12-31 18:00,-5,42
127,충주,2019-12-31 19:00,-5.9,51
127,충주,2019-12-31 20:00,-6.5,52
127,충주,2019-12-31 21:00,-7.1,54
127,충주,2019-12-31 22:00,-7.5,56
127,충주,2019-12-31 23:00,-8,61
127,충주,2020-01-01 00:00,-9.5,70
129,서산,2019-12-31 01:00,-4.1,77
129,서산,2019-12-31 02:00,-4.3,65
129,서산,2019-12-31 03:00,-5.1,58
129,서산,2019-12-31 04:00,-5.5,58
129,서산,2019-12-31 05:00,-5.7,59
129,서산,2019-12-31 06:00,-6.2,56
129,서산,2019-12-31 07:00,-6.5,54
129,서산,2019-12-31 08:00,-6.1,58
129,서산,2019-12-31 09:00,-5.9,60
129,서산,2019-12-31 10:00,-4.9,57
129,서산,2019-12-31 11:00,-4.2,51
129,서산,2019-12-31 12:00,-4,53
129,서산,2019-12-31 13:00,-3.5,49
129,서산,2019-12-31 14:00,-3.3,48
129,서산,2019-12-31 15:00,-3.1,48
129,서산,2019-12-31 16:00,-3.3,49
129,서산,2019-12-31 17:00,-4.1,55
129,서산,2019-12-31 18:00,-4.9,62
129,서산,2019-12-31 19:00,-6.6,75
129,서산,2019-12-31 20:00,-6.9,76
129,서산,2019-12-31 21:00,-7.7,82
129,서산,2019-12-31 22:00,-7.9,84
129,서산,2019-12-31 23:00,-6.8,81
129,서산,2020-01-01 00:00,-7.2,84
130,울진,2019-12-31 01:00,2.5,30
130,울진,2019-12-31 02:00,1.5,24
130,울진,2019-12-31 03:00,-.5,33
130,울진,2019-12-31 04:00,-1.8,34
130,울진,2019-12-31 05:00,-2.1,33
130,울진,2019-12-31 06:00,-2.5,31
130,울진,2019-12-31 07:00,-2.2,21
130,울진,2019-12-31 08:00,-3.8,35
130,울진,2019-12-31 09:00,-2.5,32
130,울진,2019-12-31 10:00,-.8,24
130,울진,2019-12-31 11:00,.5,19
130,울진,2019-12-31 12:00,1.1,23
130,울진,2019-12-31 13:00,1.3,28
130,울진,2019-12-31 14:00,1.4,32
130,울진,2019-12-31 15:00,2.8,25
130,울진,2019-12-31 16:00,1.2,29
130,울진,2019-12-31 17:00,-.4,30
130,울진,2019-12-31 18:00,-1.4,31
130,울진,2019-12-31 19:00,-2.2,32
130,울진,2019-12-31 20:00,-2.8,34
130,울진,2019-12-31 21:00,-2.9,32
130,울진,2019-12-31 22:00,-3.4,31
130,울진,2019-12-31 23:00,-3.4,29
130,울진,2020-01-01 00:00,-3.7,28
131,청주,2019-12-31 01:00,-2,68
131,청주,2019-12-31 02:00,-3.9,73
131,청주,2019-12-31 03:00,-5,77
131,청주,2019-12-31 04:00,-5.6,67
131,청주,2019-12-31 05:00,-6.1,63
131,청주,2019-12-31 06:00,-7.2,61
131,청주,2019-12-31 07:00,-7.6,64
131,청주,2019-12-31 08:00,-7.9,62
131,청주,2019-12-31 09:00,-7.3,51
131,청주,2019-12-31 10:00,-6.7,46
131,청주,2019-12-31 11:00,-5.8,42
131,청주,2019-12-31 12:00,-4.9,44
131,청주,2019-12-31 13:00,-4,38
131,청주,2019-12-31 14:00,-3.4,39
131,청주,2019-12-31 15:00,-3.5,39
131,청주,2019-12-31 16:00,-3.4,44
131,청주,2019-12-31 17:00,-4.2,47
131,청주,2019-12-31 18:00,-5,49
131,청주,2019-12-31 19:00,-5.5,58
131,청주,2019-12-31 20:00,-5.8,60
131,청주,2019-12-31 21:00,-6,63
131,청주,2019-12-31 22:00,-6.1,60
131,청주,2019-12-31 23:00,-6.1,58
131,청주,2020-01-01 00:00,-6.5,66
133,대전,2019-12-31 01:00,-1.2,59
133,대전,2019-12-31 02:00,-2.1,66
133,대전,2019-12-31 03:00,-3.3,62
133,대전,2019-12-31 04:00,-4.4,58
133,대전,2019-12-31 05:00,-5.1,63
133,대전,2019-12-31 06:00,-5.9,58
133,대전,2019-12-31 07:00,-6.7,62
133,대전,2019-12-31 08:00,-7.1,64
133,대전,2019-12-31 09:00,-6.2,58
133,대전,2019-12-31 10:00,-5,55
133,대전,2019-12-31 11:00,-4.3,46
133,대전,2019-12-31 12:00,-2.8,45
133,대전,2019-12-31 13:00,-2.3,41
133,대전,2019-12-31 14:00,-.7,37
133,대전,2019-12-31 15:00,-.9,37
133,대전,2019-12-31 16:00,-1.4,38
133,대전,2019-12-31 17:00,-2.8,37
133,대전,2019-12-31 18:00,-4,47
133,대전,2019-12-31 19:00,-4.9,52
133,대전,2019-12-31 20:00,-5.8,56
133,대전,2019-12-31 21:00,-6.8,60
133,대전,2019-12-31 22:00,-7.3,63
133,대전,2019-12-31 23:00,-7.1,68
133,대전,2020-01-01 00:00,-7.5,73
135,추풍령,2019-12-31 01:00,-2.3,66
135,추풍령,2019-12-31 02:00,-2.8,54
135,추풍령,2019-12-31 03:00,-3.8,54
135,추풍령,2019-12-31 04:00,-5.4,51
135,추풍령,2019-12-31 05:00,-6.4,47
135,추풍령,2019-12-31 06:00,-7.2,53
135,추풍령,2019-12-31 07:00,-7.9,43
135,추풍령,2019-12-31 08:00,-8.4,43
135,추풍령,2019-12-31 09:00,-8,46
135,추풍령,2019-12-31 10:00,-7.3,42
135,추풍령,2019-12-31 11:00,-6.3,40
135,추풍령,2019-12-31 12:00,-5.4,36
135,추풍령,2019-12-31 13:00,-3.8,34
135,추풍령,2019-12-31 14:00,-3.4,32
135,추풍령,2019-12-31 15:00,-3.3,30
135,추풍령,2019-12-31 16:00,-3.3,31
135,추풍령,2019-12-31 17:00,-4.4,31
135,추풍령,2019-12-31 18:00,-5.2,37
135,추풍령,2019-12-31 19:00,-5.6,42
135,추풍령,2019-12-31 20:00,-5.9,41
135,추풍령,2019-12-31 21:00,-6.5,44
135,추풍령,2019-12-31 22:00,-7.1,47
135,추풍령,2019-12-31 23:00,-7.6,48
135,추풍령,2020-01-01 00:00,-7.9,53
136,안동,2019-12-31 01:00,-1.8,56
136,안동,2019-12-31 02:00,-2.5,52
136,안동,2019-12-31 03:00,-3.5,52
136,안동,2019-12-31 04:00,-4.5,49
136,안동,2019-12-31 05:00,-5.7,51
136,안동,2019-12-31 06:00,-6.5,52
136,안동,2019-12-31 07:00,-7,54
136,안동,2019-12-31 08:00,-7.2,50
136,안동,2019-12-31 09:00,-6.2,46
136,안동,2019-12-31 10:00,-5.6,42
136,안동,2019-12-31 11:00,-4.8,40
136,안동,2019-12-31 12:00,-4.1,37
136,안동,2019-12-31 13:00,-3.5,36
136,안동,2019-12-31 14:00,-2.9,34
136,안동,2019-12-31 15:00,-2.5,34
136,안동,2019-12-31 16:00,-2.5,33
136,안동,2019-12-31 17:00,-3,34
136,안동,2019-12-31 18:00,-4,34
136,안동,2019-12-31 19:00,-4.9,37
136,안동,2019-12-31 20:00,-5.5,39
136,안동,2019-12-31 21:00,-6,41
136,안동,2019-12-31 22:00,-6.5,44
136,안동,2019-12-31 23:00,-6,43
136,안동,2020-01-01 00:00,-6.5,44
137,상주,2019-12-31 01:00,-1.3,61
137,상주,2019-12-31 02:00,-1.8,61
137,상주,2019-12-31 03:00,-3.1,51
137,상주,2019-12-31 04:00,-4.7,58
137,상주,2019-12-31 05:00,-5.6,54
137,상주,2019-12-31 06:00,-6.4,53
137,상주,2019-12-31 07:00,-6.9,51
137,상주,2019-12-31 08:00,-7.5,52
137,상주,2019-12-31 09:00,-7.2,49
137,상주,2019-12-31 10:00,-6.7,49
137,상주,2019-12-31 11:00,-5,44
137,상주,2019-12-31 12:00,-4.1,38
137,상주,2019-12-31 13:00,-2.8,35
137,상주,2019-12-31 14:00,-2.3,34
137,상주,2019-12-31 15:00,-2.3,33
137,상주,2019-12-31 16:00,-2.5,34
137,상주,2019-12-31 17:00,-3.5,38
137,상주,2019-12-31 18:00,-4.4,42
137,상주,2019-12-31 19:00,-5.1,46
137,상주,2019-12-31 20:00,-5.6,48
137,상주,2019-12-31 21:00,-6.2,52
137,상주,2019-12-31 22:00,-6.7,54
137,상주,2019-12-31 23:00,-7,58
137,상주,2020-01-01 00:00,-7.3,56
138,포항,2019-12-31 01:00,3.2,46
138,포항,2019-12-31 02:00,1.3,50
138,포항,2019-12-31 03:00,.4,55
138,포항,2019-12-31 04:00,0,51
138,포항,2019-12-31 05:00,-1.2,45
138,포항,2019-12-31 06:00,-2.4,41
138,포항,2019-12-31 07:00,-3.2,42
138,포항,2019-12-31 08:00,-3.6,38
138,포항,2019-12-31 09:00,-3.1,34
138,포항,2019-12-31 10:00,-2.4,33
138,포항,2019-12-31 11:00,-1.2,28
138,포항,2019-12-31 12:00,.1,26
138,포항,2019-12-31 13:00,1.3,25
138,포항,2019-12-31 14:00,2,23
138,포항,2019-12-31 15:00,2.1,26
138,포항,2019-12-31 16:00,1.5,25
138,포항,2019-12-31 17:00,.4,31
138,포항,2019-12-31 18:00,-1,34
138,포항,2019-12-31 19:00,-1.6,33
138,포항,2019-12-31 20:00,-2.2,36
138,포항,2019-12-31 21:00,-2.7,37
138,포항,2019-12-31 22:00,-3.1,38
138,포항,2019-12-31 23:00,-3.6,39
138,포항,2020-01-01 00:00,-4,39
140,군산,2019-12-31 01:00,.1,59
140,군산,2019-12-31 02:00,-1.3,71
140,군산,2019-12-31 03:00,-3.1,83
140,군산,2019-12-31 04:00,-3.2,59
140,군산,2019-12-31 05:00,-4.2,59
140,군산,2019-12-31 06:00,-4.8,60
140,군산,2019-12-31 07:00,-5.2,62
140,군산,2019-12-31 08:00,-5.9,66
140,군산,2019-12-31 09:00,-5.1,54
140,군산,2019-12-31 10:00,-4.1,53
140,군산,2019-12-31 11:00,-2.9,52
140,군산,2019-12-31 12:00,-2,44
140,군산,2019-12-31 13:00,-1.3,44
140,군산,2019-12-31 14:00,-.6,42
140,군산,2019-12-31 15:00,-.5,40
140,군산,2019-12-31 16:00,-.6,39
140,군산,2019-12-31 17:00,-1.8,41
140,군산,2019-12-31 18:00,-3,54
140,군산,2019-12-31 19:00,-3.6,56
140,군산,2019-12-31 20:00,-4.4,60
140,군산,2019-12-31 21:00,-4.7,55
140,군산,2019-12-31 22:00,-5.5,59
140,군산,2019-12-31 23:00,-5.5,61
140,군산,2020-01-01 00:00,-6.2,65
143,대구,2019-12-31 01:00,1,58
143,대구,2019-12-31 02:00,.4,57
143,대구,2019-12-31 03:00,-.5,47
143,대구,2019-12-31 04:00,-1.2,48
143,대구,2019-12-31 05:00,-2.7,51
143,대구,2019-12-31 06:00,-3.7,40
143,대구,2019-12-31 07:00,-4.6,41
143,대구,2019-12-31 08:00,-5,39
143,대구,2019-12-31 09:00,-4.6,33
143,대구,2019-12-31 10:00,-3.8,30
143,대구,2019-12-31 11:00,-3.1,28
143,대구,2019-12-31 12:00,-1.9,27
143,대구,2019-12-31 13:00,-1.6,27
143,대구,2019-12-31 14:00,-.8,26
143,대구,2019-12-31 15:00,-.5,27
143,대구,2019-12-31 16:00,-.1,25
143,대구,2019-12-31 17:00,-.8,27
143,대구,2019-12-31 18:00,-1.6,29
143,대구,2019-12-31 19:00,-2.1,30
143,대구,2019-12-31 20:00,-2.6,29
143,대구,2019-12-31 21:00,-3.1,30
143,대구,2019-12-31 22:00,-3.5,31
143,대구,2019-12-31 23:00,-3.8,30
143,대구,2020-01-01 00:00,-4.3,31
146,전주,2019-12-31 01:00,-.4,65
146,전주,2019-12-31 02:00,-1,68
146,전주,2019-12-31 03:00,-1.7,61
146,전주,2019-12-31 04:00,-3.5,65
146,전주,2019-12-31 05:00,-3.9,59
146,전주,2019-12-31 06:00,-4.9,55
146,전주,2019-12-31 07:00,-5.7,60
146,전주,2019-12-31 08:00,-6.1,60
146,전주,2019-12-31 09:00,-5.4,60
146,전주,2019-12-31 10:00,-4.8,48
146,전주,2019-12-31 11:00,-4.2,47
146,전주,2019-12-31 12:00,-2.8,48
146,전주,2019-12-31 13:00,-1.7,43
146,전주,2019-12-31 14:00,-1.6,39
146,전주,2019-12-31 15:00,-1.1,37
146,전주,2019-12-31 16:00,-1.1,37
146,전주,2019-12-31 17:00,-2,38
146,전주,2019-12-31 18:00,-2.7,44
146,전주,2019-12-31 19:00,-3.4,49
146,전주,2019-12-31 20:00,-4.1,50
146,전주,2019-12-31 21:00,-4.9,60
146,전주,2019-12-31 22:00,-5.2,54
146,전주,2019-12-31 23:00,-5.8,54
146,전주,2020-01-01 00:00,-5.5,49
152,울산,2019-12-31 01:00,4.5,45
152,울산,2019-12-31 02:00,2.8,49
152,울산,2019-12-31 03:00,1.1,57
152,울산,2019-12-31 04:00,.5,45
152,울산,2019-12-31 05:00,-.7,49
152,울산,2019-12-31 06:00,-1.6,41
152,울산,2019-12-31 07:00,-2.7,36
152,울산,2019-12-31 08:00,-3.1,32
152,울산,2019-12-31 09:00,-3,30
152,울산,2019-12-31 10:00,-1.8,28
152,울산,2019-12-31 11:00,-.6,27
152,울산,2019-12-31 12:00,-.4,23
152,울산,2019-12-31 13:00,.9,19
152,울산,2019-12-31 14:00,1.5,20
152,울산,2019-12-31 15:00,1.3,20
152,울산,2019-12-31 16:00,1.2,21
152,울산,2019-12-31 17:00,-.2,25
152,울산,2019-12-31 18:00,-1.2,27
152,울산,2019-12-31 19:00,-1.5,26
152,울산,2019-12-31 20:00,-1.6,25
152,울산,2019-12-31 21:00,-2,25
152,울산,2019-12-31 22:00,-3.3,31
152,울산,2019-12-31 23:00,-3.4,32
152,울산,2020-01-01 00:00,-2.7,23
155,창원,2019-12-31 01:00,3.1,41
155,창원,2019-12-31 02:00,1.7,47
155,창원,2019-12-31 03:00,.6,52
155,창원,2019-12-31 04:00,-.2,44
155,창원,2019-12-31 05:00,-1,45
155,창원,2019-12-31 06:00,-2.2,44
155,창원,2019-12-31 07:00,-2.7,37
155,창원,2019-12-31 08:00,-4,40
155,창원,2019-12-31 09:00,-3.9,35
155,창원,2019-12-31 10:00,-3,33
155,창원,2019-12-31 11:00,-2,29
155,창원,2019-12-31 12:00,-1.2,28
155,창원,2019-12-31 13:00,-.1,26
155,창원,2019-12-31 14:00,.5,25
155,창원,2019-12-31 15:00,1.1,22
155,창원,2019-12-31 16:00,.3,24
155,창원,2019-12-31 17:00,-.7,25
155,창원,2019-12-31 18:00,-1.4,27
155,창원,2019-12-31 19:00,-1.8,26
155,창원,2019-12-31 20:00,-2.3,27
155,창원,2019-12-31 21:00,-2.9,27
155,창원,2019-12-31 22:00,-3,26
155,창원,2019-12-31 23:00,-3.2,23
155,창원,2020-01-01 00:00,-3.5,23
156,광주,2019-12-31 01:00,.8,59
156,광주,2019-12-31 02:00,-.1,58
156,광주,2019-12-31 03:00,-.1,53
156,광주,2019-12-31 04:00,-1.2,74
156,광주,2019-12-31 05:00,-1.7,61
156,광주,2019-12-31 06:00,-2.7,57
156,광주,2019-12-31 07:00,-3.2,56
156,광주,2019-12-31 08:00,-3.7,54
156,광주,2019-12-31 09:00,-3.2,43
156,광주,2019-12-31 10:00,-2.6,34
156,광주,2019-12-31 11:00,-1.9,38
156,광주,2019-12-31 12:00,-1.2,33
156,광주,2019-12-31 13:00,-.5,37
156,광주,2019-12-31 14:00,.1,35
156,광주,2019-12-31 15:00,.3,34
156,광주,2019-12-31 16:00,.2,34
156,광주,2019-12-31 17:00,-1.1,39
156,광주,2019-12-31 18:00,-2.1,46
156,광주,2019-12-31 19:00,-2.7,48
156,광주,2019-12-31 20:00,-3.3,50
156,광주,2019-12-31 21:00,-3.4,53
156,광주,2019-12-31 22:00,-4,53
156,광주,2019-12-31 23:00,-4.5,53
156,광주,2020-01-01 00:00,-4.9,50
159,부산,2019-12-31 01:00,5.6,45
159,부산,2019-12-31 02:00,3.8,46
159,부산,2019-12-31 03:00,2.4,50
159,부산,2019-12-31 04:00,1.3,53
159,부산,2019-12-31 05:00,.5,56
159,부산,2019-12-31 06:00,-.4,43
159,부산,2019-12-31 07:00,-1.6,31
159,부산,2019-12-31 08:00,-2.1,28
159,부산,2019-12-31 09:00,-1.8,29
159,부산,2019-12-31 10:00,-.8,28
159,부산,2019-12-31 11:00,-.3,23
159,부산,2019-12-31 12:00,1.2,21
159,부산,2019-12-31 13:00,1.1,19
159,부산,2019-12-31 14:00,2.3,18
159,부산,2019-12-31 15:00,3.2,18
159,부산,2019-12-31 16:00,3.1,18
159,부산,2019-12-31 17:00,1.4,19
159,부산,2019-12-31 18:00,0,21
159,부산,2019-12-31 19:00,-.7,22
159,부산,2019-12-31 20:00,-1,21
159,부산,2019-12-31 21:00,-1.4,21
159,부산,2019-12-31 22:00,-1.9,24
159,부산,2019-12-31 23:00,-2.3,24
159,부산,2020-01-01 00:00,-2.5,23
162,통영,2019-12-31 01:00,4.7,58
162,통영,2019-12-31 02:00,3.1,54
162,통영,2019-12-31 03:00,2,57
162,통영,2019-12-31 04:00,1,53
162,통영,2019-12-31 05:00,.4,54
162,통영,2019-12-31 06:00,-.2,49
162,통영,2019-12-31 07:00,-1,41
162,통영,2019-12-31 08:00,-1.5,40
162,통영,2019-12-31 09:00,-1.2,36
162,통영,2019-12-31 10:00,-.5,33
162,통영,2019-12-31 11:00,.3,29
162,통영,2019-12-31 12:00,.8,27
162,통영,2019-12-31 13:00,1.3,24
162,통영,2019-12-31 14:00,2.3,22
162,통영,2019-12-31 15:00,2.6,22
162,통영,2019-12-31 16:00,2.8,23
162,통영,2019-12-31 17:00,2.3,24
162,통영,2019-12-31 18:00,1.4,27
162,통영,2019-12-31 19:00,.6,31
162,통영,2019-12-31 20:00,-.4,33
162,통영,2019-12-31 21:00,-1.3,38
162,통영,2019-12-31 22:00,-2.5,41
162,통영,2019-12-31 23:00,-2.3,38
162,통영,2020-01-01 00:00,-2.4,35
165,목포,2019-12-31 01:00,-.1,77
165,목포,2019-12-31 02:00,-.8,73
165,목포,2019-12-31 03:00,-.8,69
165,목포,2019-12-31 04:00,-1,66
165,목포,2019-12-31 05:00,-1.6,66
165,목포,2019-12-31 06:00,-1.6,65
165,목포,2019-12-31 07:00,-2.7,84
165,목포,2019-12-31 08:00,-2.3,62
165,목포,2019-12-31 09:00,-2.6,59
165,목포,2019-12-31 10:00,-2.5,54
165,목포,2019-12-31 11:00,-2.5,59
165,목포,2019-12-31 12:00,-2,54
165,목포,2019-12-31 13:00,-1.6,54
165,목포,2019-12-31 14:00,-1.5,59
165,목포,2019-12-31 15:00,-1.5,55
165,목포,2019-12-31 16:00,-1.7,60
165,목포,2019-12-31 17:00,-1.9,61
165,목포,2019-12-31 18:00,-1.8,62
165,목포,2019-12-31 19:00,-2,61
165,목포,2019-12-31 20:00,-2.8,65
165,목포,2019-12-31 21:00,-2.8,65
165,목포,2019-12-31 22:00,-2.6,63
165,목포,2019-12-31 23:00,-2.4,62
165,목포,2020-01-01 00:00,-2.7,64
168,여수,2019-12-31 01:00,2.5,58
168,여수,2019-12-31 02:00,1.2,56
168,여수,2019-12-31 03:00,.5,55
168,여수,2019-12-31 04:00,-.1,54
168,여수,2019-12-31 05:00,-.9,55
168,여수,2019-12-31 06:00,-1.6,49
168,여수,2019-12-31 07:00,-2.3,46
168,여수,2019-12-31 08:00,-3.1,42
168,여수,2019-12-31 09:00,-3,39
168,여수,2019-12-31 10:00,-2.5,35
168,여수,2019-12-31 11:00,-1.6,32
168,여수,2019-12-31 12:00,-1.1,28
168,여수,2019-12-31 13:00,.4,27
168,여수,2019-12-31 14:00,1.1,27
168,여수,2019-12-31 15:00,1.8,25
168,여수,2019-12-31 16:00,1.7,26
168,여수,2019-12-31 17:00,.7,28
168,여수,2019-12-31 18:00,-.4,31
168,여수,2019-12-31 19:00,-1,34
168,여수,2019-12-31 20:00,-1.6,37
168,여수,2019-12-31 21:00,-2.1,39
168,여수,2019-12-31 22:00,-2.6,43
168,여수,2019-12-31 23:00,-2.7,43
168,여수,2020-01-01 00:00,-3,41
169,흑산도,2019-12-31 01:00,1.3,84
169,흑산도,2019-12-31 02:00,.8,75
169,흑산도,2019-12-31 03:00,.4,66
169,흑산도,2019-12-31 04:00,.5,68
169,흑산도,2019-12-31 05:00,.1,74
169,흑산도,2019-12-31 06:00,.1,76
169,흑산도,2019-12-31 07:00,-.2,73
169,흑산도,2019-12-31 08:00,.1,75
169,흑산도,2019-12-31 09:00,.2,68
169,흑산도,2019-12-31 10:00,.9,66
169,흑산도,2019-12-31 11:00,.5,64
169,흑산도,2019-12-31 12:00,1.6,67
169,흑산도,2019-12-31 13:00,1.3,61
169,흑산도,2019-12-31 14:00,1,68
169,흑산도,2019-12-31 15:00,.8,79
169,흑산도,2019-12-31 16:00,.8,76
169,흑산도,2019-12-31 17:00,.9,65
169,흑산도,2019-12-31 18:00,.9,67
169,흑산도,2019-12-31 19:00,1,69
169,흑산도,2019-12-31 20:00,1.1,71
169,흑산도,2019-12-31 21:00,1.3,69
169,흑산도,2019-12-31 22:00,1.2,64
169,흑산도,2019-12-31 23:00,1.3,66
169,흑산도,2020-01-01 00:00,1.4,66
170,완도,2019-12-31 01:00,2.3,63
170,완도,2019-12-31 02:00,1.2,69
170,완도,2019-12-31 03:00,.6,68
170,완도,2019-12-31 04:00,.7,64
170,완도,2019-12-31 05:00,.2,62
170,완도,2019-12-31 06:00,-.1,61
170,완도,2019-12-31 07:00,-.9,70
170,완도,2019-12-31 08:00,-1.2,65
170,완도,2019-12-31 09:00,-1.1,59
170,완도,2019-12-31 10:00,-.8,55
170,완도,2019-12-31 11:00,-.2,59
170,완도,2019-12-31 12:00,.2,57
170,완도,2019-12-31 13:00,.4,55
170,완도,2019-12-31 14:00,1,52
170,완도,2019-12-31 15:00,1.4,49
170,완도,2019-12-31 16:00,1,52
170,완도,2019-12-31 17:00,-.1,55
170,완도,2019-12-31 18:00,-1,57
170,완도,2019-12-31 19:00,-1.5,60
170,완도,2019-12-31 20:00,-1.6,59
170,완도,2019-12-31 21:00,-1.7,60
170,완도,2019-12-31 22:00,-1.7,62
170,완도,2019-12-31 23:00,-1.4,64
170,완도,2020-01-01 00:00,-1.3,64
172,고창,2019-12-31 01:00,0,61
172,고창,2019-12-31 02:00,-.3,65
172,고창,2019-12-31 03:00,-1.2,81
172,고창,2019-12-31 04:00,-1.6,75
172,고창,2019-12-31 05:00,-2.2,64
172,고창,2019-12-31 06:00,-3.1,78
172,고창,2019-12-31 07:00,-3.1,62
172,고창,2019-12-31 08:00,-4.3,84
172,고창,2019-12-31 09:00,-4.1,69
172,고창,2019-12-31 10:00,-3.6,69
172,고창,2019-12-31 11:00,-1.7,66
172,고창,2019-12-31 12:00,-1.1,63
172,고창,2019-12-31 13:00,-1.2,59
172,고창,2019-12-31 14:00,-.8,56
172,고창,2019-12-31 15:00,-1.5,57
172,고창,2019-12-31 16:00,-1.7,55
172,고창,2019-12-31 17:00,-2.4,62
172,고창,2019-12-31 18:00,-3.2,65
172,고창,2019-12-31 19:00,-3.4,67
172,고창,2019-12-31 20:00,-4.7,74
172,고창,2019-12-31 21:00,-5.1,74
172,고창,2019-12-31 22:00,-4.8,77
172,고창,2019-12-31 23:00,-5,72
172,고창,2020-01-01 00:00,-5,63
174,순천,2019-12-31 01:00,-.2,64
174,순천,2019-12-31 02:00,-1,68
174,순천,2019-12-31 03:00,-1.6,66
174,순천,2019-12-31 04:00,-2.3,75
174,순천,2019-12-31 05:00,-3.2,71
174,순천,2019-12-31 06:00,-4.2,61
174,순천,2019-12-31 07:00,-5.1,57
174,순천,2019-12-31 08:00,-5.6,53
174,순천,2019-12-31 09:00,-5.2,52
174,순천,2019-12-31 10:00,-4.5,44
174,순천,2019-12-31 11:00,-3.2,39
174,순천,2019-12-31 12:00,-2.3,35
174,순천,2019-12-31 13:00,-1.7,33
174,순천,2019-12-31 14:00,-.5,37
174,순천,2019-12-31 15:00,-.4,37
174,순천,2019-12-31 16:00,-.8,38
174,순천,2019-12-31 17:00,-2,44
174,순천,2019-12-31 18:00,-3,50
174,순천,2019-12-31 19:00,-3.8,56
174,순천,2019-12-31 20:00,-4.5,61
174,순천,2019-12-31 21:00,-4.9,62
174,순천,2019-12-31 22:00,-5.2,60
174,순천,2019-12-31 23:00,-5.5,56
174,순천,2020-01-01 00:00,-5.7,54
177,홍성,2019-12-31 01:00,-3.2,73
177,홍성,2019-12-31 02:00,-3.8,57
177,홍성,2019-12-31 03:00,-4.9,57
177,홍성,2019-12-31 04:00,-5.2,62
177,홍성,2019-12-31 05:00,-5.6,65
177,홍성,2019-12-31 06:00,-6.1,58
177,홍성,2019-12-31 07:00,-6.5,59
177,홍성,2019-12-31 08:00,-6.7,62
177,홍성,2019-12-31 09:00,-5.8,60
177,홍성,2019-12-31 10:00,-5,58
177,홍성,2019-12-31 11:00,-4.4,52
177,홍성,2019-12-31 12:00,-3.9,49
177,홍성,2019-12-31 13:00,-3.5,45
177,홍성,2019-12-31 14:00,-3.4,49
177,홍성,2019-12-31 15:00,-3.4,47
177,홍성,2019-12-31 16:00,-3.5,46
177,홍성,2019-12-31 17:00,-4.3,56
177,홍성,2019-12-31 18:00,-5.2,63
177,홍성,2019-12-31 19:00,-5.8,71
177,홍성,2019-12-31 20:00,-6.5,76
177,홍성,2019-12-31 21:00,-7,83
177,홍성,2019-12-31 22:00,-7.1,82
177,홍성,2019-12-31 23:00,-6.6,80
177,홍성,2020-01-01 00:00,-7.2,84
184,제주,2019-12-31 01:00,5.6,64
184,제주,2019-12-31 02:00,5.1,61
184,제주,2019-12-31 03:00,4.9,68
184,제주,2019-12-31 04:00,4.1,71
184,제주,2019-12-31 05:00,3.5,67
184,제주,2019-12-31 06:00,3.3,61
184,제주,2019-12-31 07:00,2.9,58
184,제주,2019-12-31 08:00,2.5,59
184,제주,2019-12-31 09:00,2.6,62
184,제주,2019-12-31 10:00,2.6,59
184,제주,2019-12-31 11:00,2.4,59
184,제주,2019-12-31 12:00,2.3,64
184,제주,2019-12-31 13:00,2,62
184,제주,2019-12-31 14:00,2.2,55
184,제주,2019-12-31 15:00,2.5,54
184,제주,2019-12-31 16:00,2.9,53
184,제주,2019-12-31 17:00,2.7,62
184,제주,2019-12-31 18:00,2.5,58
184,제주,2019-12-31 19:00,2.4,58
184,제주,2019-12-31 20:00,2.4,65
184,제주,2019-12-31 21:00,2.3,63
184,제주,2019-12-31 22:00,2.4,65
184,제주,2019-12-31 23:00,2.4,61
184,제주,2020-01-01 00:00,2.4,63
185,고산,2019-12-31 01:00,5.1,67
185,고산,2019-12-31 02:00,5.2,73
185,고산,2019-12-31 03:00,5.2,72
185,고산,2019-12-31 04:00,4.1,75
185,고산,2019-12-31 05:00,2.9,74
185,고산,2019-12-31 06:00,3.2,69
185,고산,2019-12-31 07:00,2.5,71
185,고산,2019-12-31 08:00,2.2,68
185,고산,2019-12-31 09:00,2.1,64
185,고산,2019-12-31 10:00,2,75
185,고산,2019-12-31 11:00,2.3,69
185,고산,2019-12-31 12:00,2.2,70
185,고산,2019-12-31 13:00,2.2,67
185,고산,2019-12-31 14:00,2,66
185,고산,2019-12-31 15:00,2.1,65
185,고산,2019-12-31 16:00,2.4,65
185,고산,2019-12-31 17:00,2.7,65
185,고산,2019-12-31 18:00,2.7,66
185,고산,2019-12-31 19:00,2.2,64
185,고산,2019-12-31 20:00,2.4,68
185,고산,2019-12-31 21:00,2.7,70
185,고산,2019-12-31 22:00,2.7,70
185,고산,2019-12-31 23:00,2.7,69
185,고산,2020-01-01 00:00,2.8,70
188,성산,2019-12-31 01:00,5.2,63
188,성산,2019-12-31 02:00,4.3,62
188,성산,2019-12-31 03:00,3.9,62
188,성산,2019-12-31 04:00,3.1,63
188,성산,2019-12-31 05:00,2.6,61
188,성산,2019-12-31 06:00,2.4,61
188,성산,2019-12-31 07:00,1.7,61
188,성산,2019-12-31 08:00,1.3,60
188,성산,2019-12-31 09:00,1.3,54
188,성산,2019-12-31 10:00,1.7,60
188,성산,2019-12-31 11:00,1.7,55
188,성산,2019-12-31 12:00,2.2,53
188,성산,2019-12-31 13:00,2.2,49
188,성산,2019-12-31 14:00,2.5,50
188,성산,2019-12-31 15:00,2.5,52
188,성산,2019-12-31 16:00,2.2,55
188,성산,2019-12-31 17:00,1.5,56
188,성산,2019-12-31 18:00,1,57
188,성산,2019-12-31 19:00,.9,57
188,성산,2019-12-31 20:00,.6,60
188,성산,2019-12-31 21:00,.6,60
188,성산,2019-12-31 22:00,.6,63
188,성산,2019-12-31 23:00,.8,65
188,성산,2020-01-01 00:00,.9,67
189,서귀포,2019-12-31 01:00,9.7,81
189,서귀포,2019-12-31 02:00,7.5,72
189,서귀포,2019-12-31 03:00,6.7,73
189,서귀포,2019-12-31 04:00,6.7,76
189,서귀포,2019-12-31 05:00,5.9,75
189,서귀포,2019-12-31 06:00,5.6,72
189,서귀포,2019-12-31 07:00,5,72
189,서귀포,2019-12-31 08:00,3.7,62
189,서귀포,2019-12-31 09:00,3.9,59
189,서귀포,2019-12-31 10:00,5,58
189,서귀포,2019-12-31 11:00,4.8,55
189,서귀포,2019-12-31 12:00,5.5,62
189,서귀포,2019-12-31 13:00,5.2,61
189,서귀포,2019-12-31 14:00,6,59
189,서귀포,2019-12-31 15:00,5.8,62
189,서귀포,2019-12-31 16:00,5.7,67
189,서귀포,2019-12-31 17:00,5.7,62
189,서귀포,2019-12-31 18:00,5.1,68
189,서귀포,2019-12-31 19:00,4.8,67
189,서귀포,2019-12-31 20:00,4.4,70
189,서귀포,2019-12-31 21:00,4.6,73
189,서귀포,2019-12-31 22:00,5.1,74
189,서귀포,2019-12-31 23:00,5.3,72
189,서귀포,2020-01-01 00:00,5.5,74
192,진주,2019-12-31 01:00,1.5,60
192,진주,2019-12-31 02:00,.4,63
192,진주,2019-12-31 03:00,.5,51
192,진주,2019-12-31 04:00,.3,49
192,진주,2019-12-31 05:00,-.9,47
192,진주,2019-12-31 06:00,-1.5,41
192,진주,2019-12-31 07:00,-2.3,40
192,진주,2019-12-31 08:00,-2.8,38
192,진주,2019-12-31 09:00,-2.5,32
192,진주,2019-12-31 10:00,-1.7,27
192,진주,2019-12-31 11:00,-.7,24
192,진주,2019-12-31 12:00,.6,21
192,진주,2019-12-31 13:00,1.6,19
192,진주,2019-12-31 14:00,2.7,20
192,진주,2019-12-31 15:00,2.5,24
192,진주,2019-12-31 16:00,2.5,20
192,진주,2019-12-31 17:00,1.2,23
192,진주,2019-12-31 18:00,0,27
192,진주,2019-12-31 19:00,-.7,29
192,진주,2019-12-31 20:00,-1.5,31
192,진주,2019-12-31 21:00,-2.4,31
192,진주,2019-12-31 22:00,-3.7,39
192,진주,2019-12-31 23:00,-4.6,46
192,진주,2020-01-01 00:00,-6.3,55
201,강화,2019-12-31 01:00,-6.9,58
201,강화,2019-12-31 02:00,-8.3,56
201,강화,2019-12-31 03:00,-8.8,56
201,강화,2019-12-31 04:00,-9.3,55
201,강화,2019-12-31 05:00,-9.6,51
201,강화,2019-12-31 06:00,-9.8,47
201,강화,2019-12-31 07:00,-10.1,51
201,강화,2019-12-31 08:00,-10.4,53
201,강화,2019-12-31 09:00,-9.3,49
201,강화,2019-12-31 10:00,-8.9,45
201,강화,2019-12-31 11:00,-7.7,41
201,강화,2019-12-31 12:00,-7.1,34
201,강화,2019-12-31 13:00,-7,34
201,강화,2019-12-31 14:00,-5.4,37
201,강화,2019-12-31 15:00,-5.4,39
201,강화,2019-12-31 16:00,-5,37
201,강화,2019-12-31 17:00,-5.7,40
201,강화,2019-12-31 18:00,-6,42
201,강화,2019-12-31 19:00,-8.4,60
201,강화,2019-12-31 20:00,-8.6,62
201,강화,2019-12-31 21:00,-8.4,62
201,강화,2019-12-31 22:00,-7.5,62
201,강화,2019-12-31 23:00,-6.4,51
201,강화,2020-01-01 00:00,-6.1,53
202,양평,2019-12-31 01:00,-4.5,64
202,양평,2019-12-31 02:00,-5.2,56
202,양평,2019-12-31 03:00,-6.2,53
202,양평,2019-12-31 04:00,-6.9,60
202,양평,2019-12-31 05:00,-7.8,57
202,양평,2019-12-31 06:00,-8.4,54
202,양평,2019-12-31 07:00,-8.8,54
202,양평,2019-12-31 08:00,-9.1,53
202,양평,2019-12-31 09:00,-8.3,53
202,양평,2019-12-31 10:00,-7.4,44
202,양평,2019-12-31 11:00,-7,39
202,양평,2019-12-31 12:00,-5.5,37
202,양평,2019-12-31 13:00,-4.8,34
202,양평,2019-12-31 14:00,-3.7,31
202,양평,2019-12-31 15:00,-3.1,30
202,양평,2019-12-31 16:00,-3.1,31
202,양평,2019-12-31 17:00,-3.9,33
202,양평,2019-12-31 18:00,-4.6,38
202,양평,2019-12-31 19:00,-5.1,42
202,양평,2019-12-31 20:00,-5.5,45
202,양평,2019-12-31 21:00,-6.2,41
202,양평,2019-12-31 22:00,-6.5,41
202,양평,2019-12-31 23:00,-7.6,56
202,양평,2020-01-01 00:00,-7.2,56
203,이천,2019-12-31 01:00,-4.5,61
203,이천,2019-12-31 02:00,-5.4,62
203,이천,2019-12-31 03:00,-6.4,61
203,이천,2019-12-31 04:00,-7.3,58
203,이천,2019-12-31 05:00,-8.1,60
203,이천,2019-12-31 06:00,-8.8,60
203,이천,2019-12-31 07:00,-9.2,59
203,이천,2019-12-31 08:00,-9.4,57
203,이천,2019-12-31 09:00,-8.5,50
203,이천,2019-12-31 10:00,-7.6,46
203,이천,2019-12-31 11:00,-6.6,45
203,이천,2019-12-31 12:00,-5.7,41
203,이천,2019-12-31 13:00,-4.3,37
203,이천,2019-12-31 14:00,-3.7,33
203,이천,2019-12-31 15:00,-3.1,32
203,이천,2019-12-31 16:00,-3.2,33
203,이천,2019-12-31 17:00,-4.3,33
203,이천,2019-12-31 18:00,-5.2,37
203,이천,2019-12-31 19:00,-5.8,42
203,이천,2019-12-31 20:00,-6.6,45
203,이천,2019-12-31 21:00,-7.1,50
203,이천,2019-12-31 22:00,-8.3,54
203,이천,2019-12-31 23:00,-8.9,60
203,이천,2020-01-01 00:00,-7.8,65
211,인제,2019-12-31 01:00,-4.7,45
211,인제,2019-12-31 02:00,-6,39
211,인제,2019-12-31 03:00,-6.7,44
211,인제,2019-12-31 04:00,-7.5,49
211,인제,2019-12-31 05:00,-8.1,53
211,인제,2019-12-31 06:00,-8.8,50
211,인제,2019-12-31 07:00,-9.1,49
211,인제,2019-12-31 08:00,-9.8,46
211,인제,2019-12-31 09:00,-9.7,45
211,인제,2019-12-31 10:00,-9,41
211,인제,2019-12-31 11:00,-7.3,40
211,인제,2019-12-31 12:00,-6,37
211,인제,2019-12-31 13:00,-5.2,34
211,인제,2019-12-31 14:00,-4.2,32
211,인제,2019-12-31 15:00,-3.6,33
211,인제,2019-12-31 16:00,-3.9,31
211,인제,2019-12-31 17:00,-4.5,30
211,인제,2019-12-31 18:00,-4.8,31
211,인제,2019-12-31 19:00,-5.3,32
211,인제,2019-12-31 20:00,-5.8,31
211,인제,2019-12-31 21:00,-6.3,32
211,인제,2019-12-31 22:00,-6.7,33
211,인제,2019-12-31 23:00,-7.3,36
211,인제,2020-01-01 00:00,-7.7,38
212,홍천,2019-12-31 01:00,-4.8,55
212,홍천,2019-12-31 02:00,-5.6,48
212,홍천,2019-12-31 03:00,-6.9,49
212,홍천,2019-12-31 04:00,-7.7,54
212,홍천,2019-12-31 05:00,-8.3,57
212,홍천,2019-12-31 06:00,-9,53
212,홍천,2019-12-31 07:00,-9.5,55
212,홍천,2019-12-31 08:00,-9.9,53
212,홍천,2019-12-31 09:00,-10,51
212,홍천,2019-12-31 10:00,-9.2,47
212,홍천,2019-12-31 11:00,-7.6,42
212,홍천,2019-12-31 12:00,-6.2,38
212,홍천,2019-12-31 13:00,-4.9,36
212,홍천,2019-12-31 14:00,-3.8,31
212,홍천,2019-12-31 15:00,-3,32
212,홍천,2019-12-31 16:00,-3.8,32
212,홍천,2019-12-31 17:00,-4.5,29
212,홍천,2019-12-31 18:00,-5,29
212,홍천,2019-12-31 19:00,-6.9,40
212,홍천,2019-12-31 20:00,-7.4,44
212,홍천,2019-12-31 21:00,-7.9,45
212,홍천,2019-12-31 22:00,-8.4,45
212,홍천,2019-12-31 23:00,-9.1,62
212,홍천,2020-01-01 00:00,-9.8,63
216,태백,2019-12-31 01:00,-5.9,45
216,태백,2019-12-31 02:00,-7.8,47
216,태백,2019-12-31 03:00,-9,52
216,태백,2019-12-31 04:00,-9.6,58
216,태백,2019-12-31 05:00,-9.8,49
216,태백,2019-12-31 06:00,-10.1,39
216,태백,2019-12-31 07:00,-10.8,46
216,태백,2019-12-31 08:00,-10.9,42
216,태백,2019-12-31 09:00,-10,37
216,태백,2019-12-31 10:00,-8.4,33
216,태백,2019-12-31 11:00,-6.3,26
216,태백,2019-12-31 12:00,-5,25
216,태백,2019-12-31 13:00,-4.6,25
216,태백,2019-12-31 14:00,-4.3,23
216,태백,2019-12-31 15:00,-4.6,38
216,태백,2019-12-31 16:00,-5.7,37
216,태백,2019-12-31 17:00,-6.6,27
216,태백,2019-12-31 18:00,-7.4,35
216,태백,2019-12-31 19:00,-8.6,43
216,태백,2019-12-31 20:00,-9.1,41
216,태백,2019-12-31 21:00,-7.8,22
216,태백,2019-12-31 22:00,-9.5,35
216,태백,2019-12-31 23:00,-9.9,35
216,태백,2020-01-01 00:00,-7.7,18
217,정선군,2019-12-31 01:00,-3.4,60
217,정선군,2019-12-31 02:00,-4.8,68
217,정선군,2019-12-31 03:00,-5.7,60
217,정선군,2019-12-31 04:00,-6.6,61
217,정선군,2019-12-31 05:00,-7.4,59
217,정선군,2019-12-31 06:00,-8.2,59
217,정선군,2019-12-31 07:00,-8.9,61
217,정선군,2019-12-31 08:00,-9.1,60
217,정선군,2019-12-31 09:00,-9.1,62
217,정선군,2019-12-31 10:00,-8,59
217,정선군,2019-12-31 11:00,-6.6,54
217,정선군,2019-12-31 12:00,-5.4,49
217,정선군,2019-12-31 13:00,-4.2,49
217,정선군,2019-12-31 14:00,-4,47
217,정선군,2019-12-31 15:00,-4,49
217,정선군,2019-12-31 16:00,-4.7,51
217,정선군,2019-12-31 17:00,-5.2,53
217,정선군,2019-12-31 18:00,-5.7,48
217,정선군,2019-12-31 19:00,-6.5,49
217,정선군,2019-12-31 20:00,-7.1,51
217,정선군,2019-12-31 21:00,-8.1,58
217,정선군,2019-12-31 22:00,-7.8,49
217,정선군,2019-12-31 23:00,-8.2,51
217,정선군,2020-01-01 00:00,-8.6,55
221,제천,2019-12-31 01:00,-4.9,59
221,제천,2019-12-31 02:00,-5.7,58
221,제천,2019-12-31 03:00,-6.5,57
221,제천,2019-12-31 04:00,-7.3,61
221,제천,2019-12-31 05:00,-8.1,58
221,제천,2019-12-31 06:00,-8.6,57
221,제천,2019-12-31 07:00,-9.3,58
221,제천,2019-12-31 08:00,-9.8,67
221,제천,2019-12-31 09:00,-9,62
221,제천,2019-12-31 10:00,-8.1,54
221,제천,2019-12-31 11:00,-7.6,53
221,제천,2019-12-31 12:00,-6.5,51
221,제천,2019-12-31 13:00,-6,50
221,제천,2019-12-31 14:00,-5.4,47
221,제천,2019-12-31 15:00,-4.8,44
221,제천,2019-12-31 16:00,-4.9,42
221,제천,2019-12-31 17:00,-5.4,41
221,제천,2019-12-31 18:00,-6.2,40
221,제천,2019-12-31 19:00,-7.8,54
221,제천,2019-12-31 20:00,-8.9,64
221,제천,2019-12-31 21:00,-9,60
221,제천,2019-12-31 22:00,-8.6,58
221,제천,2019-12-31 23:00,-9.2,62
221,제천,2020-01-01 00:00,-10.5,71
226,보은,2019-12-31 01:00,-2.2,74
226,보은,2019-12-31 02:00,-3,68
226,보은,2019-12-31 03:00,-4.6,69
226,보은,2019-12-31 04:00,-5.9,70
226,보은,2019-12-31 05:00,-6.4,68
226,보은,2019-12-31 06:00,-7.2,66
226,보은,2019-12-31 07:00,-8.1,65
226,보은,2019-12-31 08:00,-8.4,61
226,보은,2019-12-31 09:00,-7.5,63
226,보은,2019-12-31 10:00,-6.5,54
226,보은,2019-12-31 11:00,-5.8,45
226,보은,2019-12-31 12:00,-4.9,42
226,보은,2019-12-31 13:00,-3.7,42
226,보은,2019-12-31 14:00,-3.1,41
226,보은,2019-12-31 15:00,-3.3,39
226,보은,2019-12-31 16:00,-3.2,41
226,보은,2019-12-31 17:00,-4.3,49
226,보은,2019-12-31 18:00,-5.5,55
226,보은,2019-12-31 19:00,-6,59
226,보은,2019-12-31 20:00,-6.8,64
226,보은,2019-12-31 21:00,-8.2,76
226,보은,2019-12-31 22:00,-8.1,75
226,보은,2019-12-31 23:00,-9.2,80
226,보은,2020-01-01 00:00,-9.1,78
232,천안,2019-12-31 01:00,-2.8,64
232,천안,2019-12-31 02:00,-5,83
232,천안,2019-12-31 03:00,-5.6,67
232,천안,2019-12-31 04:00,-6,67
232,천안,2019-12-31 05:00,-7.1,63
232,천안,2019-12-31 06:00,-7.7,64
232,천안,2019-12-31 07:00,-8.2,71
232,천안,2019-12-31 08:00,-8.4,58
232,천안,2019-12-31 09:00,-7.8,48
232,천안,2019-12-31 10:00,-6.8,48
232,천안,2019-12-31 11:00,-6.2,48
232,천안,2019-12-31 12:00,-5.1,49
232,천안,2019-12-31 13:00,-4.2,48
232,천안,2019-12-31 14:00,-3.4,47
232,천안,2019-12-31 15:00,-3.8,43
232,천안,2019-12-31 16:00,-4,44
232,천안,2019-12-31 17:00,-4.8,52
232,천안,2019-12-31 18:00,-5.6,56
232,천안,2019-12-31 19:00,-6.4,64
232,천안,2019-12-31 20:00,-7,68
232,천안,2019-12-31 21:00,-7.9,76
232,천안,2019-12-31 22:00,-8.3,80
232,천안,2019-12-31 23:00,-8.6,86
232,천안,2020-01-01 00:00,-9.2,87
235,보령,2019-12-31 01:00,-1.6,58
235,보령,2019-12-31 02:00,-2.9,73
235,보령,2019-12-31 03:00,-3.5,57
235,보령,2019-12-31 04:00,-4.4,55
235,보령,2019-12-31 05:00,-4.8,57
235,보령,2019-12-31 06:00,-5.2,60
235,보령,2019-12-31 07:00,-5.6,61
235,보령,2019-12-31 08:00,-5.7,57
235,보령,2019-12-31 09:00,-5,59
235,보령,2019-12-31 10:00,-4.1,55
235,보령,2019-12-31 11:00,-3.5,53
235,보령,2019-12-31 12:00,-2.9,49
235,보령,2019-12-31 13:00,-2.1,50
235,보령,2019-12-31 14:00,-2.4,52
235,보령,2019-12-31 15:00,-2.3,50
235,보령,2019-12-31 16:00,-2.7,47
235,보령,2019-12-31 17:00,-3.4,54
235,보령,2019-12-31 18:00,-4.3,57
235,보령,2019-12-31 19:00,-4.8,61
235,보령,2019-12-31 20:00,-5.3,64
235,보령,2019-12-31 21:00,-5.5,68
235,보령,2019-12-31 22:00,-6,72
235,보령,2019-12-31 23:00,-6,74
235,보령,2020-01-01 00:00,-5.1,70
236,부여,2019-12-31 01:00,-1.4,67
236,부여,2019-12-31 02:00,-2.3,62
236,부여,2019-12-31 03:00,-3.2,62
236,부여,2019-12-31 04:00,-4,60
236,부여,2019-12-31 05:00,-4.9,58
236,부여,2019-12-31 06:00,-5.3,60
236,부여,2019-12-31 07:00,-5.8,60
236,부여,2019-12-31 08:00,-6.3,59
236,부여,2019-12-31 09:00,-5.1,55
236,부여,2019-12-31 10:00,-4.3,52
236,부여,2019-12-31 11:00,-3.3,50
236,부여,2019-12-31 12:00,-1.8,47
236,부여,2019-12-31 13:00,-1.4,40
236,부여,2019-12-31 14:00,-.7,41
236,부여,2019-12-31 15:00,-.7,37
236,부여,2019-12-31 16:00,-1,37
236,부여,2019-12-31 17:00,-2.4,44
236,부여,2019-12-31 18:00,-3.3,50
236,부여,2019-12-31 19:00,-4.4,55
236,부여,2019-12-31 20:00,-5.2,61
236,부여,2019-12-31 21:00,-6.4,70
236,부여,2019-12-31 22:00,-7.3,73
236,부여,2019-12-31 23:00,-7.9,80
236,부여,2020-01-01 00:00,-7.5,79
238,금산,2019-12-31 01:00,-1.7,62
238,금산,2019-12-31 02:00,-2.1,63
238,금산,2019-12-31 03:00,-3.1,60
238,금산,2019-12-31 04:00,-4.4,64
238,금산,2019-12-31 05:00,-5.2,63
238,금산,2019-12-31 06:00,-6.1,62
238,금산,2019-12-31 07:00,-6.7,65
238,금산,2019-12-31 08:00,-7,60
238,금산,2019-12-31 09:00,-6.1,54
238,금산,2019-12-31 10:00,-5.5,52
238,금산,2019-12-31 11:00,-4.9,50
238,금산,2019-12-31 12:00,-4,47
238,금산,2019-12-31 13:00,-3.1,43
238,금산,2019-12-31 14:00,-2.3,40
238,금산,2019-12-31 15:00,-1.6,38
238,금산,2019-12-31 16:00,-1.8,36
238,금산,2019-12-31 17:00,-2.7,40
238,금산,2019-12-31 18:00,-4,49
238,금산,2019-12-31 19:00,-5.1,52
238,금산,2019-12-31 20:00,-5.4,43
238,금산,2019-12-31 21:00,-6.5,51
238,금산,2019-12-31 22:00,-6.9,57
238,금산,2019-12-31 23:00,-8.1,67
238,금산,2020-01-01 00:00,-8.9,76
239,세종,2019-12-31 01:00,-2.3,66
239,세종,2019-12-31 02:00,-3.4,62
239,세종,2019-12-31 03:00,-4.2,57
239,세종,2019-12-31 04:00,-5.3,55
239,세종,2019-12-31 05:00,-6,62
239,세종,2019-12-31 06:00,-6.6,56
239,세종,2019-12-31 07:00,-7.1,60
239,세종,2019-12-31 08:00,-7.5,59
239,세종,2019-12-31 09:00,-6.5,56
239,세종,2019-12-31 10:00,-5.7,47
239,세종,2019-12-31 11:00,-4.7,43
239,세종,2019-12-31 12:00,-4,37
239,세종,2019-12-31 13:00,-3.3,37
239,세종,2019-12-31 14:00,-3.3,38
239,세종,2019-12-31 15:00,-3.1,38
239,세종,2019-12-31 16:00,-3.3,34
239,세종,2019-12-31 17:00,-4,35
239,세종,2019-12-31 18:00,-5.2,39
239,세종,2019-12-31 19:00,-6.1,52
239,세종,2019-12-31 20:00,-6.6,54
239,세종,2019-12-31 21:00,-6.9,59
239,세종,2019-12-31 22:00,-7.1,57
239,세종,2019-12-31 23:00,-7.7,66
239,세종,2020-01-01 00:00,-8.3,70
243,부안,2019-12-31 01:00,.4,64
243,부안,2019-12-31 02:00,-1.2,88
243,부안,2019-12-31 03:00,-1.3,74
243,부안,2019-12-31 04:00,-1.9,68
243,부안,2019-12-31 05:00,-2.9,67
243,부안,2019-12-31 06:00,-3.5,63
243,부안,2019-12-31 07:00,-4.7,67
243,부안,2019-12-31 08:00,-5,67
243,부안,2019-12-31 09:00,-3.9,60
243,부안,2019-12-31 10:00,-2.7,55
243,부안,2019-12-31 11:00,-1.5,57
243,부안,2019-12-31 12:00,-1,54
243,부안,2019-12-31 13:00,-1.1,50
243,부안,2019-12-31 14:00,-.5,54
243,부안,2019-12-31 15:00,-.5,51
243,부안,2019-12-31 16:00,-.8,51
243,부안,2019-12-31 17:00,-1.8,51
243,부안,2019-12-31 18:00,-2.7,63
243,부안,2019-12-31 19:00,-3.1,62
243,부안,2019-12-31 20:00,-3.6,68
243,부안,2019-12-31 21:00,-3.9,61
243,부안,2019-12-31 22:00,-4.6,73
243,부안,2019-12-31 23:00,-5.1,64
243,부안,2020-01-01 00:00,-5.2,69
244,임실,2019-12-31 01:00,-1.6,69
244,임실,2019-12-31 02:00,-2.4,79
244,임실,2019-12-31 03:00,-3,73
244,임실,2019-12-31 04:00,-3.7,68
244,임실,2019-12-31 05:00,-4.8,68
244,임실,2019-12-31 06:00,-5.6,66
244,임실,2019-12-31 07:00,-6.5,67
244,임실,2019-12-31 08:00,-7.1,71
244,임실,2019-12-31 09:00,-6.5,62
244,임실,2019-12-31 10:00,-5.8,55
244,임실,2019-12-31 11:00,-5.2,48
244,임실,2019-12-31 12:00,-4,47
244,임실,2019-12-31 13:00,-3.3,44
244,임실,2019-12-31 14:00,-2.8,39
244,임실,2019-12-31 15:00,-2.5,39
244,임실,2019-12-31 16:00,-2,42
244,임실,2019-12-31 17:00,-3.1,43
244,임실,2019-12-31 18:00,-3.9,45
244,임실,2019-12-31 19:00,-4.6,50
244,임실,2019-12-31 20:00,-5.4,60
244,임실,2019-12-31 21:00,-7.3,76
244,임실,2019-12-31 22:00,-6.4,64
244,임실,2019-12-31 23:00,-6.5,57
244,임실,2020-01-01 00:00,-7,58
245,정읍,2019-12-31 01:00,-.5,59
245,정읍,2019-12-31 02:00,-.5,53
245,정읍,2019-12-31 03:00,-1.8,67
245,정읍,2019-12-31 04:00,-3.8,88
245,정읍,2019-12-31 05:00,-4,64
245,정읍,2019-12-31 06:00,-4.9,65
245,정읍,2019-12-31 07:00,-5.8,63
245,정읍,2019-12-31 08:00,-6.2,65
245,정읍,2019-12-31 09:00,-5.4,57
245,정읍,2019-12-31 10:00,-4.6,57
245,정읍,2019-12-31 11:00,-3.8,54
245,정읍,2019-12-31 12:00,-2.9,54
245,정읍,2019-12-31 13:00,-2.5,50
245,정읍,2019-12-31 14:00,-2.4,50
245,정읍,2019-12-31 15:00,-2.1,50
245,정읍,2019-12-31 16:00,-2.1,50
245,정읍,2019-12-31 17:00,-2.8,52
245,정읍,2019-12-31 18:00,-3.6,52
245,정읍,2019-12-31 19:00,-4.2,61
245,정읍,2019-12-31 20:00,-4.7,62
245,정읍,2019-12-31 21:00,-5.1,64
245,정읍,2019-12-31 22:00,-5.5,67
245,정읍,2019-12-31 23:00,-5.9,64
245,정읍,2020-01-01 00:00,-6.9,66
247,남원,2019-12-31 01:00,-1,73
247,남원,2019-12-31 02:00,-2.3,88
247,남원,2019-12-31 03:00,-2.3,83
247,남원,2019-12-31 04:00,-2.7,69
247,남원,2019-12-31 05:00,-3.7,61
247,남원,2019-12-31 06:00,-4.7,60
247,남원,2019-12-31 07:00,-5.3,62
247,남원,2019-12-31 08:00,-6.4,61
247,남원,2019-12-31 09:00,-5.7,59
247,남원,2019-12-31 10:00,-5,52
247,남원,2019-12-31 11:00,-3.7,43
247,남원,2019-12-31 12:00,-3.2,37
247,남원,2019-12-31 13:00,-1.9,37
247,남원,2019-12-31 14:00,-1.5,34
247,남원,2019-12-31 15:00,-.9,34
247,남원,2019-12-31 16:00,-1,35
247,남원,2019-12-31 17:00,-1.7,39
247,남원,2019-12-31 18:00,-3.1,41
247,남원,2019-12-31 19:00,-3.7,43
247,남원,2019-12-31 20:00,-4.6,48
247,남원,2019-12-31 21:00,-5.5,53
247,남원,2019-12-31 22:00,-6.9,73
247,남원,2019-12-31 23:00,-6.1,59
247,남원,2020-01-01 00:00,-8.2,78
248,장수,2019-12-31 01:00,-2.7,72
248,장수,2019-12-31 02:00,-3.3,72
248,장수,2019-12-31 03:00,-3.9,77
248,장수,2019-12-31 04:00,-5,67
248,장수,2019-12-31 05:00,-6.2,66
248,장수,2019-12-31 06:00,-7.1,66
248,장수,2019-12-31 07:00,-7.7,66
248,장수,2019-12-31 08:00,-8.3,63
248,장수,2019-12-31 09:00,-7.6,57
248,장수,2019-12-31 10:00,-6.6,50
248,장수,2019-12-31 11:00,-5.4,42
248,장수,2019-12-31 12:00,-4.2,42
248,장수,2019-12-31 13:00,-3.3,45
248,장수,2019-12-31 14:00,-2.9,46
248,장수,2019-12-31 15:00,-3.1,49
248,장수,2019-12-31 16:00,-3,45
248,장수,2019-12-31 17:00,-4.1,47
248,장수,2019-12-31 18:00,-5.1,51
248,장수,2019-12-31 19:00,-5.7,43
248,장수,2019-12-31 20:00,-6.4,42
248,장수,2019-12-31 21:00,-8.4,68
248,장수,2019-12-31 22:00,-8.7,65
248,장수,2019-12-31 23:00,-9.2,68
248,장수,2020-01-01 00:00,-9.2,65
251,고창군,2019-12-31 01:00,-.4,62
251,고창군,2019-12-31 02:00,-.7,59
251,고창군,2019-12-31 03:00,-1.7,77
251,고창군,2019-12-31 04:00,-2.3,74
251,고창군,2019-12-31 05:00,-2.8,64
251,고창군,2019-12-31 06:00,-3.5,61
251,고창군,2019-12-31 07:00,-4.9,66
251,고창군,2019-12-31 08:00,-5.2,59
251,고창군,2019-12-31 09:00,-4.9,58
251,고창군,2019-12-31 10:00,-4.2,54
251,고창군,2019-12-31 11:00,-3.5,52
251,고창군,2019-12-31 12:00,-1.9,52
251,고창군,2019-12-31 13:00,-1.4,48
251,고창군,2019-12-31 14:00,-1.4,48
251,고창군,2019-12-31 15:00,-1.5,48
251,고창군,2019-12-31 16:00,-1.5,46
251,고창군,2019-12-31 17:00,-2.3,48
251,고창군,2019-12-31 18:00,-3.1,51
251,고창군,2019-12-31 19:00,-3.8,57
251,고창군,2019-12-31 20:00,-4.3,62
251,고창군,2019-12-31 21:00,-5,68
251,고창군,2019-12-31 22:00,-4.7,63
251,고창군,2019-12-31 23:00,-5,59
251,고창군,2020-01-01 00:00,-4.9,51
252,영광군,2019-12-31 01:00,-.2,67
252,영광군,2019-12-31 02:00,-.5,70
252,영광군,2019-12-31 03:00,-1.3,76
252,영광군,2019-12-31 04:00,-1.5,73
252,영광군,2019-12-31 05:00,-1.8,65
252,영광군,2019-12-31 06:00,-2.3,59
252,영광군,2019-12-31 07:00,-3,73
252,영광군,2019-12-31 08:00,-3,57
252,영광군,2019-12-31 09:00,-3,64
252,영광군,2019-12-31 10:00,-2.6,61
252,영광군,2019-12-31 11:00,-2.6,63
252,영광군,2019-12-31 12:00,-1.7,57
252,영광군,2019-12-31 13:00,-.8,56
252,영광군,2019-12-31 14:00,-1.2,57
252,영광군,2019-12-31 15:00,-1.8,60
252,영광군,2019-12-31 16:00,-1.6,60
252,영광군,2019-12-31 17:00,-2.4,62
252,영광군,2019-12-31 18:00,-2.8,64
252,영광군,2019-12-31 19:00,-3.2,66
252,영광군,2019-12-31 20:00,-3.5,69
252,영광군,2019-12-31 21:00,-3.8,70
252,영광군,2019-12-31 22:00,-3.8,69
252,영광군,2019-12-31 23:00,-4.9,73
252,영광군,2020-01-01 00:00,-5.2,70
253,김해시,2019-12-31 01:00,5.2,49
253,김해시,2019-12-31 02:00,3.2,52
253,김해시,2019-12-31 03:00,2,56
253,김해시,2019-12-31 04:00,1.2,58
253,김해시,2019-12-31 05:00,.7,58
253,김해시,2019-12-31 06:00,-.7,48
253,김해시,2019-12-31 07:00,-1.8,35
253,김해시,2019-12-31 08:00,-2.4,32
253,김해시,2019-12-31 09:00,-2,32
253,김해시,2019-12-31 10:00,-1.1,27
253,김해시,2019-12-31 11:00,-.1,21
253,김해시,2019-12-31 12:00,1.3,21
253,김해시,2019-12-31 13:00,2.2,20
253,김해시,2019-12-31 14:00,2.5,20
253,김해시,2019-12-31 15:00,3.2,19
253,김해시,2019-12-31 16:00,2.8,19
253,김해시,2019-12-31 17:00,1.6,21
253,김해시,2019-12-31 18:00,-.3,25
253,김해시,2019-12-31 19:00,-.6,25
253,김해시,2019-12-31 20:00,-1.1,25
253,김해시,2019-12-31 21:00,-1.6,26
253,김해시,2019-12-31 22:00,-1.7,28
253,김해시,2019-12-31 23:00,-1.9,27
253,김해시,2020-01-01 00:00,-2.3,26
254,순창군,2019-12-31 01:00,-.6,68
254,순창군,2019-12-31 02:00,-1.3,66
254,순창군,2019-12-31 03:00,-2.3,78
254,순창군,2019-12-31 04:00,-2.9,74
254,순창군,2019-12-31 05:00,-3.8,66
254,순창군,2019-12-31 06:00,-4.6,56
254,순창군,2019-12-31 07:00,-5.5,50
254,순창군,2019-12-31 08:00,-6,56
254,순창군,2019-12-31 09:00,-5.8,53
254,순창군,2019-12-31 10:00,-5.2,48
254,순창군,2019-12-31 11:00,-4.2,42
254,순창군,2019-12-31 12:00,-3.2,44
254,순창군,2019-12-31 13:00,-2.6,44
254,순창군,2019-12-31 14:00,-2,41
254,순창군,2019-12-31 15:00,-1.8,44
254,순창군,2019-12-31 16:00,-2,45
254,순창군,2019-12-31 17:00,-2.6,52
254,순창군,2019-12-31 18:00,-3.3,55
254,순창군,2019-12-31 19:00,-4.1,59
254,순창군,2019-12-31 20:00,-5.3,66
254,순창군,2019-12-31 21:00,-5.9,69
254,순창군,2019-12-31 22:00,-6.7,74
254,순창군,2019-12-31 23:00,-6.2,63
254,순창군,2020-01-01 00:00,-7.3,73
255,북창원,2019-12-31 01:00,1.9,40
255,북창원,2019-12-31 02:00,.5,44
255,북창원,2019-12-31 03:00,-.9,51
255,북창원,2019-12-31 04:00,-1.9,52
255,북창원,2019-12-31 05:00,-2.3,51
255,북창원,2019-12-31 06:00,-3.2,39
255,북창원,2019-12-31 07:00,-4.2,45
255,북창원,2019-12-31 08:00,-4.7,36
255,북창원,2019-12-31 09:00,-4.9,28
255,북창원,2019-12-31 10:00,-4.5,27
255,북창원,2019-12-31 11:00,-3.4,25
255,북창원,2019-12-31 12:00,-2.3,20
255,북창원,2019-12-31 13:00,-1.6,20
255,북창원,2019-12-31 14:00,-1.3,19
255,북창원,2019-12-31 15:00,-.7,20
255,북창원,2019-12-31 16:00,-.9,19
255,북창원,2019-12-31 17:00,-1.8,22
255,북창원,2019-12-31 18:00,-2.6,25
255,북창원,2019-12-31 19:00,-3.2,26
255,북창원,2019-12-31 20:00,-3.6,28
255,북창원,2019-12-31 21:00,-4.4,30
255,북창원,2019-12-31 22:00,-4.8,30
255,북창원,2019-12-31 23:00,-4.5,24
255,북창원,2020-01-01 00:00,-5.2,24
257,양산시,2019-12-31 01:00,6,48
257,양산시,2019-12-31 02:00,4.4,46
257,양산시,2019-12-31 03:00,2.8,47
257,양산시,2019-12-31 04:00,1.8,51
257,양산시,2019-12-31 05:00,1.4,42
257,양산시,2019-12-31 06:00,.3,38
257,양산시,2019-12-31 07:00,-.6,31
257,양산시,2019-12-31 08:00,-1.4,30
257,양산시,2019-12-31 09:00,-1.1,25
257,양산시,2019-12-31 10:00,-.5,27
257,양산시,2019-12-31 11:00,.9,27
257,양산시,2019-12-31 12:00,1.8,21
257,양산시,2019-12-31 13:00,2.3,20
257,양산시,2019-12-31 14:00,2.7,21
257,양산시,2019-12-31 15:00,3.3,20
257,양산시,2019-12-31 16:00,3.2,18
257,양산시,2019-12-31 17:00,2.2,20
257,양산시,2019-12-31 18:00,.7,25
257,양산시,2019-12-31 19:00,.2,27
257,양산시,2019-12-31 20:00,-.3,25
257,양산시,2019-12-31 21:00,-1.3,28
257,양산시,2019-12-31 22:00,-1.3,24
257,양산시,2019-12-31 23:00,-1,21
257,양산시,2020-01-01 00:00,-2.3,26
258,보성군,2019-12-31 01:00,2,58
258,보성군,2019-12-31 02:00,1.2,60
258,보성군,2019-12-31 03:00,.5,60
258,보성군,2019-12-31 04:00,.3,60
258,보성군,2019-12-31 05:00,-.2,60
258,보성군,2019-12-31 06:00,-1.1,57
258,보성군,2019-12-31 07:00,-2,56
258,보성군,2019-12-31 08:00,-2.6,53
258,보성군,2019-12-31 09:00,-2.5,41
258,보성군,2019-12-31 10:00,-2.1,37
258,보성군,2019-12-31 11:00,-1.1,36
258,보성군,2019-12-31 12:00,-.5,25
258,보성군,2019-12-31 13:00,.8,29
258,보성군,2019-12-31 14:00,1.6,32
258,보성군,2019-12-31 15:00,2,34
258,보성군,2019-12-31 16:00,1.4,30
258,보성군,2019-12-31 17:00,.4,37
258,보성군,2019-12-31 18:00,-.8,44
258,보성군,2019-12-31 19:00,-1.8,48
258,보성군,2019-12-31 20:00,-2.3,51
258,보성군,2019-12-31 21:00,-2.7,53
258,보성군,2019-12-31 22:00,-3.2,55
258,보성군,2019-12-31 23:00,-3.3,52
258,보성군,2020-01-01 00:00,-3.5,48
259,강진군,2019-12-31 01:00,1.4,58
259,강진군,2019-12-31 02:00,.4,63
259,강진군,2019-12-31 03:00,0,61
259,강진군,2019-12-31 04:00,-.2,51
259,강진군,2019-12-31 05:00,-.7,58
259,강진군,2019-12-31 06:00,-1.3,61
259,강진군,2019-12-31 07:00,-1.9,59
259,강진군,2019-12-31 08:00,-2.4,61
259,강진군,2019-12-31 09:00,-2.3,50
259,강진군,2019-12-31 10:00,-2.1,54
259,강진군,2019-12-31 11:00,-1.4,51
259,강진군,2019-12-31 12:00,-.4,48
259,강진군,2019-12-31 13:00,.2,46
259,강진군,2019-12-31 14:00,1.8,44
259,강진군,2019-12-31 15:00,1.4,38
259,강진군,2019-12-31 16:00,.8,41
259,강진군,2019-12-31 17:00,-.7,48
259,강진군,2019-12-31 18:00,-2,51
259,강진군,2019-12-31 19:00,-2.5,53
259,강진군,2019-12-31 20:00,-2.9,51
259,강진군,2019-12-31 21:00,-3.3,56
259,강진군,2019-12-31 22:00,-2.9,52
259,강진군,2019-12-31 23:00,-3,55
259,강진군,2020-01-01 00:00,-3,51
260,장흥,2019-12-31 01:00,1.3,61
260,장흥,2019-12-31 02:00,.3,66
260,장흥,2019-12-31 03:00,-.3,63
260,장흥,2019-12-31 04:00,-.3,56
260,장흥,2019-12-31 05:00,-1.1,70
260,장흥,2019-12-31 06:00,-1.6,59
260,장흥,2019-12-31 07:00,-2.1,55
260,장흥,2019-12-31 08:00,-3,66
260,장흥,2019-12-31 09:00,-3,59
260,장흥,2019-12-31 10:00,-2.7,55
260,장흥,2019-12-31 11:00,-2,48
260,장흥,2019-12-31 12:00,-.8,43
260,장흥,2019-12-31 13:00,-.2,43
260,장흥,2019-12-31 14:00,.3,43
260,장흥,2019-12-31 15:00,.7,42
260,장흥,2019-12-31 16:00,.2,42
260,장흥,2019-12-31 17:00,-.7,46
260,장흥,2019-12-31 18:00,-1.9,53
260,장흥,2019-12-31 19:00,-2.7,52
260,장흥,2019-12-31 20:00,-3.2,56
260,장흥,2019-12-31 21:00,-3.6,55
260,장흥,2019-12-31 22:00,-3.7,51
260,장흥,2019-12-31 23:00,-3.7,47
260,장흥,2020-01-01 00:00,-3.4,45
261,해남,2019-12-31 01:00,.6,65
261,해남,2019-12-31 02:00,-.5,67
261,해남,2019-12-31 03:00,-.9,69
261,해남,2019-12-31 04:00,-.8,63
261,해남,2019-12-31 05:00,-1.3,64
261,해남,2019-12-31 06:00,-2.5,76
261,해남,2019-12-31 07:00,-2.7,74
261,해남,2019-12-31 08:00,-2.6,59
261,해남,2019-12-31 09:00,-2.6,63
261,해남,2019-12-31 10:00,-2,54
261,해남,2019-12-31 11:00,-2,62
261,해남,2019-12-31 12:00,-1.4,58
261,해남,2019-12-31 13:00,-.7,55
261,해남,2019-12-31 14:00,-.2,51
261,해남,2019-12-31 15:00,0,49
261,해남,2019-12-31 16:00,-.7,52
261,해남,2019-12-31 17:00,-1.7,55
261,해남,2019-12-31 18:00,-2.7,58
261,해남,2019-12-31 19:00,-3.3,62
261,해남,2019-12-31 20:00,-3.3,63
261,해남,2019-12-31 21:00,-3.3,63
261,해남,2019-12-31 22:00,-3.3,63
261,해남,2019-12-31 23:00,-3,63
261,해남,2020-01-01 00:00,-3,64
262,고흥,2019-12-31 01:00,1,60
262,고흥,2019-12-31 02:00,.2,62
262,고흥,2019-12-31 03:00,-.7,57
262,고흥,2019-12-31 04:00,-.7,57
262,고흥,2019-12-31 05:00,-1.3,62
262,고흥,2019-12-31 06:00,-2.1,58
262,고흥,2019-12-31 07:00,-2.8,56
262,고흥,2019-12-31 08:00,-3.5,57
262,고흥,2019-12-31 09:00,-3.1,45
262,고흥,2019-12-31 10:00,-2.8,34
262,고흥,2019-12-31 11:00,-2,34
262,고흥,2019-12-31 12:00,-.7,27
262,고흥,2019-12-31 13:00,-.1,28
262,고흥,2019-12-31 14:00,1.3,30
262,고흥,2019-12-31 15:00,1.6,35
262,고흥,2019-12-31 16:00,.9,35
262,고흥,2019-12-31 17:00,-.6,36
262,고흥,2019-12-31 18:00,-1.8,42
262,고흥,2019-12-31 19:00,-2.6,46
262,고흥,2019-12-31 20:00,-3.6,53
262,고흥,2019-12-31 21:00,-3.6,51
262,고흥,2019-12-31 22:00,-4.2,55
262,고흥,2019-12-31 23:00,-4.1,50
262,고흥,2020-01-01 00:00,-4.7,50
263,의령군,2019-12-31 01:00,2.7,52
263,의령군,2019-12-31 02:00,2,55
263,의령군,2019-12-31 03:00,1,55
263,의령군,2019-12-31 04:00,.6,48
263,의령군,2019-12-31 05:00,0,48
263,의령군,2019-12-31 06:00,-.8,40
263,의령군,2019-12-31 07:00,-1.2,34
263,의령군,2019-12-31 08:00,-1.9,31
263,의령군,2019-12-31 09:00,-1.4,40
263,의령군,2019-12-31 10:00,-.7,23
263,의령군,2019-12-31 11:00,.4,25
263,의령군,2019-12-31 12:00,1.5,25
263,의령군,2019-12-31 13:00,2.7,23
263,의령군,2019-12-31 14:00,3,17
263,의령군,2019-12-31 15:00,3.5,17
263,의령군,2019-12-31 16:00,3,18
263,의령군,2019-12-31 17:00,1.9,21
263,의령군,2019-12-31 18:00,-.5,38
263,의령군,2019-12-31 19:00,-1.9,45
263,의령군,2019-12-31 20:00,-4.2,63
263,의령군,2019-12-31 21:00,-4.6,63
263,의령군,2019-12-31 22:00,-5.7,72
263,의령군,2019-12-31 23:00,-6.2,71
263,의령군,2020-01-01 00:00,-6.9,76
264,함양군,2019-12-31 01:00,.5,59
264,함양군,2019-12-31 02:00,-.3,55
264,함양군,2019-12-31 03:00,-.9,59
264,함양군,2019-12-31 04:00,-1.5,52
264,함양군,2019-12-31 05:00,-2.7,47
264,함양군,2019-12-31 06:00,-3.6,44
264,함양군,2019-12-31 07:00,-4.4,42
264,함양군,2019-12-31 08:00,-5,41
264,함양군,2019-12-31 09:00,-4.2,33
264,함양군,2019-12-31 10:00,-2.9,29
264,함양군,2019-12-31 11:00,-1.7,27
264,함양군,2019-12-31 12:00,-.9,30
264,함양군,2019-12-31 13:00,.4,25
264,함양군,2019-12-31 14:00,1.4,20
264,함양군,2019-12-31 15:00,.6,29
264,함양군,2019-12-31 16:00,.5,29
264,함양군,2019-12-31 17:00,-1,35
264,함양군,2019-12-31 18:00,-2.1,37
264,함양군,2019-12-31 19:00,-2.8,36
264,함양군,2019-12-31 20:00,-3.1,31
264,함양군,2019-12-31 21:00,-3.3,27
264,함양군,2019-12-31 22:00,-3.4,22
264,함양군,2019-12-31 23:00,-3.7,25
264,함양군,2020-01-01 00:00,-4.2,23
266,광양시,2019-12-31 01:00,1.5,60
266,광양시,2019-12-31 02:00,.4,56
266,광양시,2019-12-31 03:00,-.1,53
266,광양시,2019-12-31 04:00,-.3,52
266,광양시,2019-12-31 05:00,-1.4,52
266,광양시,2019-12-31 06:00,-1.9,39
266,광양시,2019-12-31 07:00,-3.2,44
266,광양시,2019-12-31 08:00,-3.7,44
266,광양시,2019-12-31 09:00,-3.2,39
266,광양시,2019-12-31 10:00,-1.8,31
266,광양시,2019-12-31 11:00,-.4,28
266,광양시,2019-12-31 12:00,.6,24
266,광양시,2019-12-31 13:00,1.1,22
266,광양시,2019-12-31 14:00,1.9,21
266,광양시,2019-12-31 15:00,1.9,22
266,광양시,2019-12-31 16:00,1.7,23
266,광양시,2019-12-31 17:00,.1,26
266,광양시,2019-12-31 18:00,-1,30
266,광양시,2019-12-31 19:00,-1.6,31
266,광양시,2019-12-31 20:00,-2.2,31
266,광양시,2019-12-31 21:00,-2.8,32
266,광양시,2019-12-31 22:00,-2.8,33
266,광양시,2019-12-31 23:00,-3.3,34
266,광양시,2020-01-01 00:00,-3.5,35
268,진도군,2019-12-31 01:00,1.8,65
268,진도군,2019-12-31 02:00,.8,69
268,진도군,2019-12-31 03:00,.6,68
268,진도군,2019-12-31 04:00,.4,66
268,진도군,2019-12-31 05:00,0,65
268,진도군,2019-12-31 06:00,-.8,76
268,진도군,2019-12-31 07:00,-.4,55
268,진도군,2019-12-31 08:00,-.5,53
268,진도군,2019-12-31 09:00,-.9,67
268,진도군,2019-12-31 10:00,-.5,54
268,진도군,2019-12-31 11:00,-1.1,63
268,진도군,2019-12-31 12:00,-.8,61
268,진도군,2019-12-31 13:00,-.4,61
268,진도군,2019-12-31 14:00,0,60
268,진도군,2019-12-31 15:00,.2,59
268,진도군,2019-12-31 16:00,-.1,65
268,진도군,2019-12-31 17:00,-.3,62
268,진도군,2019-12-31 18:00,-.4,61
268,진도군,2019-12-31 19:00,-.4,61
268,진도군,2019-12-31 20:00,-.4,61
268,진도군,2019-12-31 21:00,-.1,64
268,진도군,2019-12-31 22:00,.1,62
268,진도군,2019-12-31 23:00,-.3,63
268,진도군,2020-01-01 00:00,-.5,66
271,봉화,2019-12-31 01:00,-.6,41
271,봉화,2019-12-31 02:00,-2.3,52
271,봉화,2019-12-31 03:00,-3.6,56
271,봉화,2019-12-31 04:00,-4.7,53
271,봉화,2019-12-31 05:00,-4.9,49
271,봉화,2019-12-31 06:00,-5.5,47
271,봉화,2019-12-31 07:00,-6.3,50
271,봉화,2019-12-31 08:00,-6.7,51
271,봉화,2019-12-31 09:00,-5.9,42
271,봉화,2019-12-31 10:00,-5,41
271,봉화,2019-12-31 11:00,-4.4,41
271,봉화,2019-12-31 12:00,-3.2,44
271,봉화,2019-12-31 13:00,-2.6,42
271,봉화,2019-12-31 14:00,-1.3,39
271,봉화,2019-12-31 15:00,-1.8,35
271,봉화,2019-12-31 16:00,-1.9,35
271,봉화,2019-12-31 17:00,-3.1,36
271,봉화,2019-12-31 18:00,-3.9,41
271,봉화,2019-12-31 19:00,-4.5,41
271,봉화,2019-12-31 20:00,-4.8,39
271,봉화,2019-12-31 21:00,-5.5,41
271,봉화,2019-12-31 22:00,-5.2,37
271,봉화,2019-12-31 23:00,-5.2,34
271,봉화,2020-01-01 00:00,-6.1,39
272,영주,2019-12-31 01:00,-2.6,58
272,영주,2019-12-31 02:00,-3.5,65
272,영주,2019-12-31 03:00,-4.9,59
272,영주,2019-12-31 04:00,-5.9,58
272,영주,2019-12-31 05:00,-6.5,54
272,영주,2019-12-31 06:00,-7.1,58
272,영주,2019-12-31 07:00,-7.7,57
272,영주,2019-12-31 08:00,-8.1,55
272,영주,2019-12-31 09:00,-8,55
272,영주,2019-12-31 10:00,-7.1,50
272,영주,2019-12-31 11:00,-6.2,47
272,영주,2019-12-31 12:00,-5,44
272,영주,2019-12-31 13:00,-4.3,44
272,영주,2019-12-31 14:00,-4.1,43
272,영주,2019-12-31 15:00,-4,42
272,영주,2019-12-31 16:00,-4.2,40
272,영주,2019-12-31 17:00,-4.7,38
272,영주,2019-12-31 18:00,-5.3,42
272,영주,2019-12-31 19:00,-5.4,41
272,영주,2019-12-31 20:00,-5.7,42
272,영주,2019-12-31 21:00,-6.1,47
272,영주,2019-12-31 22:00,-6.5,48
272,영주,2019-12-31 23:00,-6.5,44
272,영주,2020-01-01 00:00,-6.5,39
273,문경,2019-12-31 01:00,-2.5,57
273,문경,2019-12-31 02:00,-3.5,60
273,문경,2019-12-31 03:00,-4.6,59
273,문경,2019-12-31 04:00,-5.8,55
273,문경,2019-12-31 05:00,-6.6,52
273,문경,2019-12-31 06:00,-7.3,52
273,문경,2019-12-31 07:00,-7.6,48
273,문경,2019-12-31 08:00,-8,47
273,문경,2019-12-31 09:00,-7.7,46
273,문경,2019-12-31 10:00,-6.7,42
273,문경,2019-12-31 11:00,-5.8,40
273,문경,2019-12-31 12:00,-4.4,38
273,문경,2019-12-31 13:00,-3.6,37
273,문경,2019-12-31 14:00,-3.3,33
273,문경,2019-12-31 15:00,-2.7,31
273,문경,2019-12-31 16:00,-3,30
273,문경,2019-12-31 17:00,-4.4,35
273,문경,2019-12-31 18:00,-5.1,39
273,문경,2019-12-31 19:00,-5.7,41
273,문경,2019-12-31 20:00,-6.1,45
273,문경,2019-12-31 21:00,-6.7,46
273,문경,2019-12-31 22:00,-6.9,45
273,문경,2019-12-31 23:00,-7,40
273,문경,2020-01-01 00:00,-7.4,40
276,청송군,2019-12-31 01:00,-.8,72
276,청송군,2019-12-31 02:00,-2.2,63
276,청송군,2019-12-31 03:00,-2.9,62
276,청송군,2019-12-31 04:00,-4,63
276,청송군,2019-12-31 05:00,-5,59
276,청송군,2019-12-31 06:00,-5.9,58
276,청송군,2019-12-31 07:00,-6.7,61
276,청송군,2019-12-31 08:00,-7.1,62
276,청송군,2019-12-31 09:00,-6.3,57
276,청송군,2019-12-31 10:00,-5.7,51
276,청송군,2019-12-31 11:00,-4.1,47
276,청송군,2019-12-31 12:00,-3.8,45
276,청송군,2019-12-31 13:00,-3.2,45
276,청송군,2019-12-31 14:00,-2.6,43
276,청송군,2019-12-31 15:00,-2.2,42
276,청송군,2019-12-31 16:00,-2.7,44
276,청송군,2019-12-31 17:00,-3.5,43
276,청송군,2019-12-31 18:00,-4.2,44
276,청송군,2019-12-31 19:00,-4.6,43
276,청송군,2019-12-31 20:00,-5.3,45
276,청송군,2019-12-31 21:00,-5.6,47
276,청송군,2019-12-31 22:00,-6.3,50
276,청송군,2019-12-31 23:00,-6.8,55
276,청송군,2020-01-01 00:00,-7.5,59
277,영덕,2019-12-31 01:00,1.6,53
277,영덕,2019-12-31 02:00,.2,47
277,영덕,2019-12-31 03:00,-1,43
277,영덕,2019-12-31 04:00,-1.8,47
277,영덕,2019-12-31 05:00,-2.8,42
277,영덕,2019-12-31 06:00,-3.5,39
277,영덕,2019-12-31 07:00,-4.2,41
277,영덕,2019-12-31 08:00,-4.7,38
277,영덕,2019-12-31 09:00,-4.2,37
277,영덕,2019-12-31 10:00,-3.1,32
277,영덕,2019-12-31 11:00,-2.5,30
277,영덕,2019-12-31 12:00,-1.1,33
277,영덕,2019-12-31 13:00,-.3,31
277,영덕,2019-12-31 14:00,-.1,29
277,영덕,2019-12-31 15:00,.2,30
277,영덕,2019-12-31 16:00,-.2,32
277,영덕,2019-12-31 17:00,-1.6,32
277,영덕,2019-12-31 18:00,-2.5,35
277,영덕,2019-12-31 19:00,-2.9,34
277,영덕,2019-12-31 20:00,-3.9,37
277,영덕,2019-12-31 21:00,-3.4,33
277,영덕,2019-12-31 22:00,-3.7,33
277,영덕,2019-12-31 23:00,-4.4,35
277,영덕,2020-01-01 00:00,-4.8,36
278,의성,2019-12-31 01:00,-.3,54
278,의성,2019-12-31 02:00,-.5,54
278,의성,2019-12-31 03:00,-1.3,52
278,의성,2019-12-31 04:00,-2.7,43
278,의성,2019-12-31 05:00,-4.2,47
278,의성,2019-12-31 06:00,-4.9,48
278,의성,2019-12-31 07:00,-5.5,48
278,의성,2019-12-31 08:00,-6.1,47
278,의성,2019-12-31 09:00,-5,39
278,의성,2019-12-31 10:00,-3.8,31
278,의성,2019-12-31 11:00,-3.4,30
278,의성,2019-12-31 12:00,-2.5,28
278,의성,2019-12-31 13:00,-1.1,27
278,의성,2019-12-31 14:00,-.9,26
278,의성,2019-12-31 15:00,-.8,24
278,의성,2019-12-31 16:00,-.8,25
278,의성,2019-12-31 17:00,-1.9,24
278,의성,2019-12-31 18:00,-2.6,27
278,의성,2019-12-31 19:00,-3.3,28
278,의성,2019-12-31 20:00,-4.3,36
278,의성,2019-12-31 21:00,-4.9,43
278,의성,2019-12-31 22:00,-5,43
278,의성,2019-12-31 23:00,-5.8,45
278,의성,2020-01-01 00:00,-6.4,46
279,구미,2019-12-31 01:00,.8,64
279,구미,2019-12-31 02:00,.3,61
279,구미,2019-12-31 03:00,-.4,56
279,구미,2019-12-31 04:00,-2.2,65
279,구미,2019-12-31 05:00,-3.2,51
279,구미,2019-12-31 06:00,-4.2,56
279,구미,2019-12-31 07:00,-4.8,51
279,구미,2019-12-31 08:00,-5,40
279,구미,2019-12-31 09:00,-4.5,38
279,구미,2019-12-31 10:00,-3.4,34
279,구미,2019-12-31 11:00,-2.4,31
279,구미,2019-12-31 12:00,-1.2,32
279,구미,2019-12-31 13:00,-.4,31
279,구미,2019-12-31 14:00,-.4,26
279,구미,2019-12-31 15:00,-.4,26
279,구미,2019-12-31 16:00,-.3,27
279,구미,2019-12-31 17:00,-1.3,30
279,구미,2019-12-31 18:00,-1.8,32
279,구미,2019-12-31 19:00,-2.5,34
279,구미,2019-12-31 20:00,-3.2,38
279,구미,2019-12-31 21:00,-4.3,43
279,구미,2019-12-31 22:00,-3.9,39
279,구미,2019-12-31 23:00,-4.4,40
279,구미,2020-01-01 00:00,-4.6,37
281,영천,2019-12-31 01:00,1.2,57
281,영천,2019-12-31 02:00,-.1,57
281,영천,2019-12-31 03:00,-.6,63
281,영천,2019-12-31 04:00,-1.3,55
281,영천,2019-12-31 05:00,-3,45
281,영천,2019-12-31 06:00,-4,49
281,영천,2019-12-31 07:00,-4.9,51
281,영천,2019-12-31 08:00,-5.1,44
281,영천,2019-12-31 09:00,-4.2,42
281,영천,2019-12-31 10:00,-3.5,37
281,영천,2019-12-31 11:00,-1.7,31
281,영천,2019-12-31 12:00,-1.3,27
281,영천,2019-12-31 13:00,-1,26
281,영천,2019-12-31 14:00,-.2,26
281,영천,2019-12-31 15:00,-.5,26
281,영천,2019-12-31 16:00,-.8,26
281,영천,2019-12-31 17:00,-1.4,27
281,영천,2019-12-31 18:00,-2.3,28
281,영천,2019-12-31 19:00,-2.7,31
281,영천,2019-12-31 20:00,-3.5,34
281,영천,2019-12-31 21:00,-4,35
281,영천,2019-12-31 22:00,-4.5,35
281,영천,2019-12-31 23:00,-4.7,34
281,영천,2020-01-01 00:00,-5,33
283,경주시,2019-12-31 01:00,2.9,50
283,경주시,2019-12-31 02:00,.6,59
283,경주시,2019-12-31 03:00,.3,58
283,경주시,2019-12-31 04:00,-.5,62
283,경주시,2019-12-31 05:00,-1.7,44
283,경주시,2019-12-31 06:00,-3.2,47
283,경주시,2019-12-31 07:00,-4.1,49
283,경주시,2019-12-31 08:00,-4.5,46
283,경주시,2019-12-31 09:00,-4.1,40
283,경주시,2019-12-31 10:00,-3.4,39
283,경주시,2019-12-31 11:00,-2.6,30
283,경주시,2019-12-31 12:00,-1.4,32
283,경주시,2019-12-31 13:00,-.8,27
283,경주시,2019-12-31 14:00,.3,27
283,경주시,2019-12-31 15:00,.2,27
283,경주시,2019-12-31 16:00,0,27
283,경주시,2019-12-31 17:00,-1,26
283,경주시,2019-12-31 18:00,-1.6,30
283,경주시,2019-12-31 19:00,-2,31
283,경주시,2019-12-31 20:00,-2.5,31
283,경주시,2019-12-31 21:00,-2.7,30
283,경주시,2019-12-31 22:00,-3.2,33
283,경주시,2019-12-31 23:00,-3.2,30
283,경주시,2020-01-01 00:00,-3.9,32
284,거창,2019-12-31 01:00,.1,57
284,거창,2019-12-31 02:00,-.7,61
284,거창,2019-12-31 03:00,-1.4,55
284,거창,2019-12-31 04:00,-2.4,53
284,거창,2019-12-31 05:00,-3.6,45
284,거창,2019-12-31 06:00,-4.4,42
284,거창,2019-12-31 07:00,-5.2,44
284,거창,2019-12-31 08:00,-6.1,43
284,거창,2019-12-31 09:00,-5,39
284,거창,2019-12-31 10:00,-3.7,34
284,거창,2019-12-31 11:00,-2.1,26
284,거창,2019-12-31 12:00,-1.2,23
284,거창,2019-12-31 13:00,-.2,23
284,거창,2019-12-31 14:00,.6,25
284,거창,2019-12-31 15:00,.2,22
284,거창,2019-12-31 16:00,-.3,25
284,거창,2019-12-31 17:00,-1.9,30
284,거창,2019-12-31 18:00,-3.8,46
284,거창,2019-12-31 19:00,-4.4,46
284,거창,2019-12-31 20:00,-5.9,54
284,거창,2019-12-31 21:00,-6.2,52
284,거창,2019-12-31 22:00,-6.2,51
284,거창,2019-12-31 23:00,-6.8,52
284,거창,2020-01-01 00:00,-7.9,57
285,합천,2019-12-31 01:00,2.1,57
285,합천,2019-12-31 02:00,1.6,54
285,합천,2019-12-31 03:00,.7,55
285,합천,2019-12-31 04:00,.2,47
285,합천,2019-12-31 05:00,-.7,44
285,합천,2019-12-31 06:00,-1.6,34
285,합천,2019-12-31 07:00,-2.1,33
285,합천,2019-12-31 08:00,-2.9,36
285,합천,2019-12-31 09:00,-2.6,27
285,합천,2019-12-31 10:00,-1.4,23
285,합천,2019-12-31 11:00,.2,20
285,합천,2019-12-31 12:00,1.2,21
285,합천,2019-12-31 13:00,2.1,21
285,합천,2019-12-31 14:00,2.3,23
285,합천,2019-12-31 15:00,2.6,23
285,합천,2019-12-31 16:00,2.4,23
285,합천,2019-12-31 17:00,1.1,26
285,합천,2019-12-31 18:00,-.5,30
285,합천,2019-12-31 19:00,-2.5,47
285,합천,2019-12-31 20:00,-3.8,59
285,합천,2019-12-31 21:00,-4.6,61
285,합천,2019-12-31 22:00,-5.4,68
285,합천,2019-12-31 23:00,-6.2,71
285,합천,2020-01-01 00:00,-6.9,74
288,밀양,2019-12-31 01:00,3.7,41
288,밀양,2019-12-31 02:00,1.5,49
288,밀양,2019-12-31 03:00,.8,49
288,밀양,2019-12-31 04:00,.3,46
288,밀양,2019-12-31 05:00,-.7,43
288,밀양,2019-12-31 06:00,-1.7,33
288,밀양,2019-12-31 07:00,-2.6,28
288,밀양,2019-12-31 08:00,-3.5,31
288,밀양,2019-12-31 09:00,-3,28
288,밀양,2019-12-31 10:00,-2,21
288,밀양,2019-12-31 11:00,-.5,16
288,밀양,2019-12-31 12:00,.2,16
288,밀양,2019-12-31 13:00,.9,16
288,밀양,2019-12-31 14:00,1.6,17
288,밀양,2019-12-31 15:00,1.7,15
288,밀양,2019-12-31 16:00,1.1,17
288,밀양,2019-12-31 17:00,-.1,21
288,밀양,2019-12-31 18:00,-.6,21
288,밀양,2019-12-31 19:00,-1.6,24
288,밀양,2019-12-31 20:00,-2.5,30
288,밀양,2019-12-31 21:00,-3,28
288,밀양,2019-12-31 22:00,-3.6,30
288,밀양,2019-12-31 23:00,-2.8,24
288,밀양,2020-01-01 00:00,-3,21
289,산청,2019-12-31 01:00,.4,58
289,산청,2019-12-31 02:00,-.7,55
289,산청,2019-12-31 03:00,-1.2,58
289,산청,2019-12-31 04:00,-1.7,54
289,산청,2019-12-31 05:00,-2.8,51
289,산청,2019-12-31 06:00,-3.6,45
289,산청,2019-12-31 07:00,-4.4,42
289,산청,2019-12-31 08:00,-5.1,45
289,산청,2019-12-31 09:00,-4.9,37
289,산청,2019-12-31 10:00,-3.6,30
289,산청,2019-12-31 11:00,-2.2,26
289,산청,2019-12-31 12:00,-1.2,24
289,산청,2019-12-31 13:00,-.4,24
289,산청,2019-12-31 14:00,.4,23
289,산청,2019-12-31 15:00,.6,25
289,산청,2019-12-31 16:00,.5,25
289,산청,2019-12-31 17:00,-1,32
289,산청,2019-12-31 18:00,-1.8,35
289,산청,2019-12-31 19:00,-2.1,31
289,산청,2019-12-31 20:00,-2.6,28
289,산청,2019-12-31 21:00,-3.5,30
289,산청,2019-12-31 22:00,-3.8,26
289,산청,2019-12-31 23:00,-4.1,26
289,산청,2020-01-01 00:00,-4.3,25
294,거제,2019-12-31 01:00,5.1,52
294,거제,2019-12-31 02:00,3.2,58
294,거제,2019-12-31 03:00,2.3,57
294,거제,2019-12-31 04:00,1.3,56
294,거제,2019-12-31 05:00,.9,54
294,거제,2019-12-31 06:00,.4,48
294,거제,2019-12-31 07:00,-.1,49
294,거제,2019-12-31 08:00,-.5,42
294,거제,2019-12-31 09:00,-.4,43
294,거제,2019-12-31 10:00,-.5,42
294,거제,2019-12-31 11:00,.3,38
294,거제,2019-12-31 12:00,.8,35
294,거제,2019-12-31 13:00,1.5,29
294,거제,2019-12-31 14:00,1.9,27
294,거제,2019-12-31 15:00,2.4,28
294,거제,2019-12-31 16:00,1.4,28
294,거제,2019-12-31 17:00,1.8,31
294,거제,2019-12-31 18:00,1.4,33
294,거제,2019-12-31 19:00,1.1,36
294,거제,2019-12-31 20:00,.2,40
294,거제,2019-12-31 21:00,-.4,41
294,거제,2019-12-31 22:00,-.7,39
294,거제,2019-12-31 23:00,-.9,39
294,거제,2020-01-01 00:00,-1.2,36
295,남해,2019-12-31 01:00,2.9,60
295,남해,2019-12-31 02:00,1.6,56
295,남해,2019-12-31 03:00,.9,54
295,남해,2019-12-31 04:00,.5,53
295,남해,2019-12-31 05:00,-.1,55
295,남해,2019-12-31 06:00,-.6,44
295,남해,2019-12-31 07:00,-1.1,41
295,남해,2019-12-31 08:00,-2.2,45
295,남해,2019-12-31 09:00,-1.2,43
295,남해,2019-12-31 10:00,-.6,39
295,남해,2019-12-31 11:00,1.4,36
295,남해,2019-12-31 12:00,1.3,37
295,남해,2019-12-31 13:00,1.1,33
295,남해,2019-12-31 14:00,2,33
295,남해,2019-12-31 15:00,2.3,31
295,남해,2019-12-31 16:00,2.2,29
295,남해,2019-12-31 17:00,.7,34
295,남해,2019-12-31 18:00,.1,36
295,남해,2019-12-31 19:00,-.6,39
295,남해,2019-12-31 20:00,-1.9,45
295,남해,2019-12-31 21:00,-2.8,51
295,남해,2019-12-31 22:00,-3.2,53
295,남해,2019-12-31 23:00,-4.4,59
295,남해,2020-01-01 00:00,-4.7,61
